tool,spec_name,step,t,total_size_bytes
mstlo-rust,phi_hi,0,1045.596877,1681
mstlo-rust,phi_hi,1,1048.602430,1681
mstlo-rust,phi_hi,2,1051.605090,1681
mstlo-rust,phi_hi,3,1054.608524,1681
mstlo-rust,phi_hi,4,1057.612105,1905
mstlo-rust,phi_hi,5,1060.621417,1905
mstlo-rust,phi_hi,6,1063.622936,1905
mstlo-rust,phi_hi,7,1066.626079,1905
mstlo-rust,phi_hi,8,1069.631797,2353
mstlo-rust,phi_hi,9,1072.632049,2353
mstlo-rust,phi_hi,10,1075.635862,2353
mstlo-rust,phi_hi,11,1078.641096,2513
mstlo-rust,phi_hi,12,1081.642250,2513
mstlo-rust,phi_hi,13,1084.647439,2513
mstlo-rust,phi_hi,14,1087.657963,2513
mstlo-rust,phi_hi,15,1090.657498,2513
mstlo-rust,phi_hi,16,1093.656123,3409
mstlo-rust,phi_hi,17,1096.661155,3409
mstlo-rust,phi_hi,18,1099.665486,3409
mstlo-rust,phi_hi,19,1102.671659,3409
mstlo-rust,phi_hi,20,1105.683576,3409
mstlo-rust,phi_hi,21,1108.678150,3409
mstlo-rust,phi_hi,22,1111.688085,3729
mstlo-rust,phi_hi,23,1114.688906,3729
mstlo-rust,phi_hi,24,1117.685812,3729
mstlo-rust,phi_hi,25,1120.686275,3729
mstlo-rust,phi_hi,26,1123.693360,3729
mstlo-rust,phi_hi,27,1126.697075,3729
mstlo-rust,phi_hi,28,1129.697905,3729
mstlo-rust,phi_hi,29,1132.708189,3729
mstlo-rust,phi_hi,30,1135.714890,3729
mstlo-rust,phi_hi,31,1138.716213,3729
mstlo-rust,phi_hi,32,1141.715518,5521
mstlo-rust,phi_hi,33,1144.724015,5521
mstlo-rust,phi_hi,34,1147.724700,5521
mstlo-rust,phi_hi,35,1150.723676,5521
mstlo-rust,phi_hi,36,1153.726686,5521
mstlo-rust,phi_hi,37,1156.732280,5521
mstlo-rust,phi_hi,38,1159.736277,5521
mstlo-rust,phi_hi,39,1162.740729,5521
mstlo-rust,phi_hi,40,1165.746010,5521
mstlo-rust,phi_hi,41,1168.743467,5521
mstlo-rust,phi_hi,42,1171.751363,5521
mstlo-rust,phi_hi,43,1174.752148,5521
mstlo-rust,phi_hi,44,1177.758210,5521
mstlo-rust,phi_hi,45,1180.759537,6161
mstlo-rust,phi_hi,46,1183.767032,6161
mstlo-rust,phi_hi,47,1186.767152,6161
mstlo-rust,phi_hi,48,1189.772063,6161
mstlo-rust,phi_hi,49,1192.773848,6161
mstlo-rust,phi_hi,50,1195.778268,6161
mstlo-rust,phi_hi,51,1198.781684,6161
mstlo-rust,phi_hi,52,1201.784844,6161
mstlo-rust,phi_hi,53,1204.783387,6161
mstlo-rust,phi_hi,54,1207.787677,6161
mstlo-rust,phi_hi,55,1210.788435,6161
mstlo-rust,phi_hi,56,1213.792846,6161
mstlo-rust,phi_hi,57,1216.791108,6161
mstlo-rust,phi_hi,58,1219.793328,6161
mstlo-rust,phi_hi,59,1222.793225,6161
mstlo-rust,phi_hi,60,1225.797929,6161
mstlo-rust,phi_hi,61,1228.799566,6161
mstlo-rust,phi_hi,62,1231.802562,6161
mstlo-rust,phi_hi,63,1234.801073,6161
mstlo-rust,phi_hi,64,1237.806793,9745
mstlo-rust,phi_hi,65,1240.812274,9745
mstlo-rust,phi_hi,66,1243.816576,9745
mstlo-rust,phi_hi,67,1246.818480,9745
mstlo-rust,phi_hi,68,1249.823549,9745
mstlo-rust,phi_hi,69,1252.831492,9745
mstlo-rust,phi_hi,70,1255.832951,9745
mstlo-rust,phi_hi,71,1258.840286,9745
mstlo-rust,phi_hi,72,1261.839770,9745
mstlo-rust,phi_hi,73,1264.842221,9745
mstlo-rust,phi_hi,74,1267.850001,9745
mstlo-rust,phi_hi,75,1270.853909,9745
mstlo-rust,phi_hi,76,1273.856277,9745
mstlo-rust,phi_hi,77,1276.870137,9745
mstlo-rust,phi_hi,78,1279.865925,9745
mstlo-rust,phi_hi,79,1282.869208,9745
mstlo-rust,phi_hi,80,1285.874638,9745
mstlo-rust,phi_hi,81,1288.874646,9745
mstlo-rust,phi_hi,82,1291.881283,9745
mstlo-rust,phi_hi,83,1294.879908,9745
mstlo-rust,phi_hi,84,1297.885186,9745
mstlo-rust,phi_hi,85,1300.892049,9745
mstlo-rust,phi_hi,86,1303.895832,9745
mstlo-rust,phi_hi,87,1306.896575,9745
mstlo-rust,phi_hi,88,1309.902165,9745
mstlo-rust,phi_hi,89,1312.906107,9745
mstlo-rust,phi_hi,90,1315.913837,9745
mstlo-rust,phi_hi,91,1318.916084,9745
mstlo-rust,phi_hi,92,1321.923249,9745
mstlo-rust,phi_hi,93,1324.919629,9745
mstlo-rust,phi_hi,94,1327.924835,9745
mstlo-rust,phi_hi,95,1330.928175,9745
mstlo-rust,phi_hi,96,1333.932636,9745
mstlo-rust,phi_hi,97,1336.934250,9745
mstlo-rust,phi_hi,98,1339.940138,9745
mstlo-rust,phi_hi,99,1342.944849,9745
mstlo-rust,phi_hi,100,1345.942231,9745
mstlo-rust,phi_hi,101,1348.945602,9745
mstlo-rust,phi_hi,102,1351.951577,9745
mstlo-rust,phi_hi,103,1354.955046,9745
mstlo-rust,phi_hi,104,1357.961081,11025
mstlo-rust,phi_hi,105,1360.963469,11025
mstlo-rust,phi_hi,106,1363.965572,11025
mstlo-rust,phi_hi,107,1366.968050,11025
mstlo-rust,phi_hi,108,1369.971603,11025
mstlo-rust,phi_hi,109,1372.973520,11025
mstlo-rust,phi_hi,110,1375.977345,11025
mstlo-rust,phi_hi,111,1378.981940,11025
mstlo-rust,phi_hi,112,1381.983964,11025
mstlo-rust,phi_hi,113,1384.990458,11025
mstlo-rust,phi_hi,114,1387.995282,11025
mstlo-rust,phi_hi,115,1390.997589,11025
mstlo-rust,phi_hi,116,1394.003279,11025
mstlo-rust,phi_hi,117,1397.004371,11025
mstlo-rust,phi_hi,118,1400.012031,11025
mstlo-rust,phi_hi,119,1403.017344,11025
mstlo-rust,phi_hi,120,1406.018095,11409
mstlo-rust,phi_hi,121,1409.017854,11409
mstlo-rust,phi_hi,122,1412.022140,11409
mstlo-rust,phi_hi,123,1415.026023,11409
mstlo-rust,phi_hi,124,1418.033946,11473
mstlo-rust,phi_hi,125,1421.033030,11473
mstlo-rust,phi_hi,126,1424.038597,11473
mstlo-rust,phi_hi,127,1427.039699,11473
mstlo-rust,phi_hi,128,1430.043836,11601
mstlo-rust,phi_hi,129,1433.048208,11601
mstlo-rust,phi_hi,130,1436.053303,11601
mstlo-rust,phi_hi,131,1439.058726,11601
mstlo-rust,phi_hi,132,1442.055256,11601
mstlo-rust,phi_hi,133,1445.061481,11601
mstlo-rust,phi_hi,134,1448.062559,11601
mstlo-rust,phi_hi,135,1451.065208,11601
mstlo-rust,phi_hi,136,1454.070623,11601
mstlo-rust,phi_hi,137,1457.072298,11601
mstlo-rust,phi_hi,138,1460.076338,11601
mstlo-rust,phi_hi,139,1463.080023,11601
mstlo-rust,phi_hi,140,1466.085194,11601
mstlo-rust,phi_hi,141,1469.086789,11601
mstlo-rust,phi_hi,142,1472.090151,11601
mstlo-rust,phi_hi,143,1475.089595,11601
mstlo-rust,phi_hi,144,1478.092405,11601
mstlo-rust,phi_hi,145,1481.094524,11601
mstlo-rust,phi_hi,146,1484.100855,11601
mstlo-rust,phi_hi,147,1487.103078,11601
mstlo-rust,phi_hi,148,1490.108782,11601
mstlo-rust,phi_hi,149,1493.110030,11601
mstlo-rust,phi_hi,150,1496.113304,11601
mstlo-rust,phi_hi,151,1499.117377,11601
mstlo-rust,phi_hi,152,1502.120782,11601
mstlo-rust,phi_hi,153,1505.125821,11601
mstlo-rust,phi_hi,154,1508.130551,11601
mstlo-rust,phi_hi,155,1511.135343,11601
mstlo-rust,phi_hi,156,1514.141654,11601
mstlo-rust,phi_hi,157,1517.144222,11601
mstlo-rust,phi_hi,158,1520.149032,11601
mstlo-rust,phi_hi,159,1523.151100,11601
mstlo-rust,phi_hi,160,1526.152846,11601
mstlo-rust,phi_hi,161,1529.153954,11601
mstlo-rust,phi_hi,162,1532.157378,11601
mstlo-rust,phi_hi,163,1535.161414,11601
mstlo-rust,phi_hi,164,1538.164423,11601
mstlo-rust,phi_hi,165,1541.165510,11601
mstlo-rust,phi_hi,166,1544.162672,11601
mstlo-rust,phi_hi,167,1547.166138,11601
mstlo-rust,phi_hi,168,1550.170412,11601
mstlo-rust,phi_hi,169,1553.168064,11601
mstlo-rust,phi_hi,170,1556.170920,11601
mstlo-rust,phi_hi,171,1559.176809,11601
mstlo-rust,phi_hi,172,1562.178020,11601
mstlo-rust,phi_hi,173,1565.181737,11601
mstlo-rust,phi_hi,174,1568.211645,11601
mstlo-rust,phi_hi,175,1571.185092,11601
mstlo-rust,phi_hi,176,1574.187785,11601
mstlo-rust,phi_hi,177,1577.190901,11601
mstlo-rust,phi_hi,178,1580.195681,11601
mstlo-rust,phi_hi,179,1583.198738,11601
mstlo-rust,phi_hi,180,1586.202807,11601
mstlo-rust,phi_hi,181,1589.208759,11601
mstlo-rust,phi_hi,182,1592.212907,11601
mstlo-rust,phi_hi,183,1595.218052,11601
mstlo-rust,phi_hi,184,1598.225578,11601
mstlo-rust,phi_hi,185,1601.227825,11601
mstlo-rust,phi_hi,186,1604.232765,11601
mstlo-rust,phi_hi,187,1607.236846,11601
mstlo-rust,phi_hi,188,1610.238465,11601
mstlo-rust,phi_hi,189,1613.243299,11601
mstlo-rust,phi_hi,190,1616.245617,11601
mstlo-rust,phi_hi,191,1619.249627,11601
mstlo-rust,phi_hi,192,1622.251609,11601
mstlo-rust,phi_hi,193,1625.253515,11601
mstlo-rust,phi_hi,194,1628.255240,11601
mstlo-rust,phi_hi,195,1631.259017,11601
mstlo-rust,phi_hi,196,1634.255470,11601
mstlo-rust,phi_hi,197,1637.263498,11601
mstlo-rust,phi_hi,198,1640.271419,11601
mstlo-rust,phi_hi,199,1643.274231,11601
mstlo-rust,phi_hi,200,1646.278607,11601
mstlo-rust,phi_hi,201,1649.278511,11601
mstlo-rust,phi_hi,202,1652.284440,11601
mstlo-rust,phi_hi,203,1655.289992,11601
mstlo-rust,phi_hi,204,1658.292516,11601
mstlo-rust,phi_hi,205,1661.295999,11601
mstlo-rust,phi_hi,206,1664.303414,11601
mstlo-rust,phi_hi,207,1667.304845,11601
mstlo-rust,phi_hi,208,1670.306378,11601
mstlo-rust,phi_hi,209,1673.308075,11601
mstlo-rust,phi_hi,210,1676.308781,11601
mstlo-rust,phi_hi,211,1679.307845,11761
mstlo-rust,phi_hi,212,1682.315147,11761
mstlo-rust,phi_hi,213,1685.311671,11761
mstlo-rust,phi_hi,214,1688.318706,11761
mstlo-rust,phi_hi,215,1691.320218,11761
mstlo-rust,phi_hi,216,1694.324468,11761
mstlo-rust,phi_hi,217,1697.325136,12081
mstlo-rust,phi_hi,218,1700.327469,12081
mstlo-rust,phi_hi,219,1703.328900,12081
mstlo-rust,phi_hi,220,1706.335578,12081
mstlo-rust,phi_hi,221,1709.343844,12081
mstlo-rust,phi_hi,222,1712.346756,12081
mstlo-rust,phi_hi,223,1715.350899,12081
mstlo-rust,phi_hi,224,1718.356244,12081
mstlo-rust,phi_hi,225,1721.359608,12081
mstlo-rust,phi_hi,226,1724.362747,12081
mstlo-rust,phi_hi,227,1727.362709,12081
mstlo-rust,phi_hi,228,1730.367624,12081
mstlo-rust,phi_hi,229,1733.372714,12081
mstlo-rust,phi_hi,230,1736.373271,12081
mstlo-rust,phi_hi,231,1739.381015,12081
mstlo-rust,phi_hi,232,1742.384338,12081
mstlo-rust,phi_hi,233,1745.383260,12081
mstlo-rust,phi_hi,234,1748.386055,12081
mstlo-rust,phi_hi,235,1751.389744,12081
mstlo-rust,phi_hi,236,1754.397061,12081
mstlo-rust,phi_hi,237,1757.399390,12081
mstlo-rust,phi_hi,238,1760.403711,12081
mstlo-rust,phi_hi,239,1763.402772,12721
mstlo-rust,phi_hi,240,1766.408986,12721
mstlo-rust,phi_hi,241,1769.415642,12721
mstlo-rust,phi_hi,242,1772.417189,12721
mstlo-rust,phi_hi,243,1775.414941,12721
mstlo-rust,phi_hi,244,1778.422761,12721
mstlo-rust,phi_hi,245,1781.427854,12721
mstlo-rust,phi_hi,246,1784.425158,12721
mstlo-rust,phi_hi,247,1787.434733,12721
mstlo-rust,phi_hi,248,1790.437101,12721
mstlo-rust,phi_hi,249,1793.441228,12721
mstlo-rust,phi_hi,250,1796.443879,12721
mstlo-rust,phi_hi,251,1799.441557,12721
mstlo-rust,phi_hi,252,1802.452153,12721
mstlo-rust,phi_hi,253,1805.454555,12721
mstlo-rust,phi_hi,254,1808.456982,12721
mstlo-rust,phi_hi,255,1811.462253,12721
mstlo-rust,phi_hi,256,1814.464061,12721
mstlo-rust,phi_hi,257,1817.469306,12721
mstlo-rust,phi_hi,258,1820.470979,12721
mstlo-rust,phi_hi,259,1823.473728,12721
mstlo-rust,phi_hi,260,1826.473803,12721
mstlo-rust,phi_hi,261,1829.479584,12721
mstlo-rust,phi_hi,262,1832.483173,12721
mstlo-rust,phi_hi,263,1835.482021,12721
mstlo-rust,phi_hi,264,1838.487608,12721
mstlo-rust,phi_hi,265,1841.490865,12721
mstlo-rust,phi_hi,266,1844.492171,12721
mstlo-rust,phi_hi,267,1847.496823,12721
mstlo-rust,phi_hi,268,1850.505458,12721
mstlo-rust,phi_hi,269,1853.511576,12721
mstlo-rust,phi_hi,270,1856.506721,12721
mstlo-rust,phi_hi,271,1859.513260,12721
mstlo-rust,phi_hi,272,1862.515126,12721
mstlo-rust,phi_hi,273,1865.514981,12721
mstlo-rust,phi_hi,274,1868.518495,12721
mstlo-rust,phi_hi,275,1871.523674,12721
mstlo-rust,phi_hi,276,1874.527173,12721
mstlo-rust,phi_hi,277,1877.528863,12721
mstlo-rust,phi_hi,278,1880.534270,12721
mstlo-rust,phi_hi,279,1883.534616,12721
mstlo-rust,phi_hi,280,1886.539984,12721
mstlo-rust,phi_hi,281,1889.543946,12721
mstlo-rust,phi_hi,282,1892.550047,12721
mstlo-rust,phi_hi,283,1895.552921,12721
mstlo-rust,phi_hi,284,1898.556427,12721
mstlo-rust,phi_hi,285,1901.561995,12721
mstlo-rust,phi_hi,286,1904.561942,12721
mstlo-rust,phi_hi,287,1907.562167,12721
mstlo-rust,phi_hi,288,1910.570923,12721
mstlo-rust,phi_hi,289,1913.572647,12721
mstlo-rust,phi_hi,290,1916.571751,12721
mstlo-rust,phi_hi,291,1919.575697,12721
mstlo-rust,phi_hi,292,1922.575315,12721
mstlo-rust,phi_hi,293,1925.581912,12721
mstlo-rust,phi_hi,294,1928.582836,12721
mstlo-rust,phi_hi,295,1931.589731,12721
mstlo-rust,phi_hi,296,1934.589012,12721
mstlo-rust,phi_hi,297,1937.587904,12721
mstlo-rust,phi_hi,298,1940.594455,12721
mstlo-rust,phi_hi,299,1943.595855,12721
mstlo-rust,phi_hi,300,1946.602305,12721
mstlo-rust,phi_hi,301,1949.607506,12721
mstlo-rust,phi_hi,302,1952.611613,12721
mstlo-rust,phi_hi,303,1955.614886,12721
mstlo-rust,phi_hi,304,1958.616982,12721
mstlo-rust,phi_hi,305,1961.624876,12721
mstlo-rust,phi_hi,306,1964.626869,12721
mstlo-rust,phi_hi,307,1967.655657,12721
mstlo-rust,phi_hi,308,1970.633681,12721
mstlo-rust,phi_hi,309,1973.633258,12721
mstlo-rust,phi_hi,310,1976.637637,12721
mstlo-rust,phi_hi,311,1979.641898,12721
mstlo-rust,phi_hi,312,1982.643137,12721
mstlo-rust,phi_hi,313,1985.646757,12721
mstlo-rust,phi_hi,314,1988.653112,12721
mstlo-rust,phi_hi,315,1991.654248,12721
mstlo-rust,phi_hi,316,1994.655482,12721
mstlo-rust,phi_hi,317,1997.660057,12721
mstlo-rust,phi_hi,318,2000.668238,12721
mstlo-rust,phi_hi,319,2003.670480,12721
mstlo-rust,phi_hi,320,2006.671784,12721
mstlo-rust,phi_hi,321,2009.673205,12721
mstlo-rust,phi_hi,322,2012.674197,12721
mstlo-rust,phi_hi,323,2015.680464,12721
mstlo-rust,phi_hi,324,2018.686497,12721
mstlo-rust,phi_hi,325,2021.689574,12721
mstlo-rust,phi_hi,326,2024.694587,12721
mstlo-rust,phi_hi,327,2027.698531,12721
mstlo-rust,phi_hi,328,2030.698679,12721
mstlo-rust,phi_hi,329,2033.702034,12721
mstlo-rust,phi_hi,330,2036.704490,12721
mstlo-rust,phi_hi,331,2039.708504,12721
mstlo-rust,phi_hi,332,2042.710524,12721
mstlo-rust,phi_hi,333,2045.711385,12721
mstlo-rust,phi_hi,334,2048.716915,12721
mstlo-rust,phi_hi,335,2051.719946,12721
mstlo-rust,phi_hi,336,2054.725426,12721
mstlo-rust,phi_hi,337,2057.726580,12721
mstlo-rust,phi_hi,338,2060.731221,12721
mstlo-rust,phi_hi,339,2063.734417,12721
mstlo-rust,phi_hi,340,2066.742754,12721
mstlo-rust,phi_hi,341,2069.741594,12721
mstlo-rust,phi_hi,342,2072.743655,12721
mstlo-rust,phi_hi,343,2075.747282,12721
mstlo-rust,phi_hi,344,2078.752094,12721
mstlo-rust,phi_hi,345,2081.756283,12721
mstlo-rust,phi_hi,346,2084.757102,12721
mstlo-rust,phi_hi,347,2087.755924,12721
mstlo-rust,phi_hi,348,2090.761187,12721
mstlo-rust,phi_hi,349,2093.766726,12721
mstlo-rust,phi_hi,350,2096.766076,12721
mstlo-rust,phi_hi,351,2099.775433,12721
mstlo-rust,phi_hi,352,2102.777641,12721
mstlo-rust,phi_hi,353,2105.782954,12721
mstlo-rust,phi_hi,354,2108.782354,12721
mstlo-rust,phi_hi,355,2111.787828,12721
mstlo-rust,phi_hi,356,2114.793966,12721
mstlo-rust,phi_hi,357,2117.795871,12721
mstlo-rust,phi_hi,358,2120.799855,12721
mstlo-rust,phi_hi,359,2123.804968,12721
mstlo-rust,phi_hi,360,2126.806859,12721
mstlo-rust,phi_hi,361,2129.809993,12721
mstlo-rust,phi_hi,362,2132.811585,12721
mstlo-rust,phi_hi,363,2135.813734,12721
mstlo-rust,phi_hi,364,2138.820572,12721
mstlo-rust,phi_hi,365,2141.839086,12721
mstlo-rust,phi_hi,366,2144.823941,12721
mstlo-rust,phi_hi,367,2147.826360,12721
mstlo-rust,phi_hi,368,2150.831878,12721
mstlo-rust,phi_hi,369,2153.834541,12721
mstlo-rust,phi_hi,370,2156.835961,12721
mstlo-rust,phi_hi,371,2159.840049,12721
mstlo-rust,phi_hi,372,2162.843658,12721
mstlo-rust,phi_hi,373,2165.844725,12721
mstlo-rust,phi_hi,374,2168.896104,12721
mstlo-rust,phi_hi,375,2171.847811,12721
mstlo-rust,phi_hi,376,2174.853451,12721
mstlo-rust,phi_hi,377,2177.854987,12721
mstlo-rust,phi_hi,378,2180.860130,12721
mstlo-rust,phi_hi,379,2183.861559,12721
mstlo-rust,phi_hi,380,2186.863553,12721
mstlo-rust,phi_hi,381,2189.867857,12721
mstlo-rust,phi_hi,382,2192.863284,12721
mstlo-rust,phi_hi,383,2195.868678,12721
mstlo-rust,phi_hi,384,2198.869817,12721
mstlo-rust,phi_hi,385,2201.871745,12721
mstlo-rust,phi_hi,386,2204.876109,12721
mstlo-rust,phi_hi,387,2207.878651,12721
mstlo-rust,phi_hi,388,2210.879736,12721
mstlo-rust,phi_hi,389,2213.886329,12721
mstlo-rust,phi_hi,390,2216.889205,12721
mstlo-rust,phi_hi,391,2219.891249,12721
mstlo-rust,phi_hi,392,2222.890979,12721
mstlo-rust,phi_hi,393,2225.893795,12721
mstlo-rust,phi_hi,394,2228.896501,12721
mstlo-rust,phi_hi,395,2231.900538,12721
mstlo-rust,phi_hi,396,2234.906310,12721
mstlo-rust,phi_hi,397,2237.906826,12721
mstlo-rust,phi_hi,398,2240.909481,12721
mstlo-rust,phi_hi,399,2243.912715,12721
mstlo-rust,phi_hi,400,2246.919881,12721
mstlo-rust,phi_hi,401,2249.919147,12721
mstlo-rust,phi_hi,402,2252.920808,12721
mstlo-rust,phi_hi,403,2255.925633,12721
mstlo-rust,phi_hi,404,2258.930770,12721
mstlo-rust,phi_hi,405,2261.933502,12721
mstlo-rust,phi_hi,406,2264.940554,12721
mstlo-rust,phi_hi,407,2267.940727,12721
mstlo-rust,phi_hi,408,2270.945830,12721
mstlo-rust,phi_hi,409,2273.947564,12721
mstlo-rust,phi_hi,410,2276.951623,12721
mstlo-rust,phi_hi,411,2279.953043,12721
mstlo-rust,phi_hi,412,2282.960080,12721
mstlo-rust,phi_hi,413,2285.966293,12721
mstlo-rust,phi_hi,414,2288.968086,12721
mstlo-rust,phi_hi,415,2291.973249,12721
mstlo-rust,phi_hi,416,2294.974636,12721
mstlo-rust,phi_hi,417,2297.982204,12721
mstlo-rust,phi_hi,418,2300.985703,12721
mstlo-rust,phi_hi,419,2303.993092,12721
mstlo-rust,phi_hi,420,2306.994488,12721
mstlo-rust,phi_hi,421,2309.996752,12721
mstlo-rust,phi_hi,422,2313.003582,12721
mstlo-rust,phi_hi,423,2316.005509,12721
mstlo-rust,phi_hi,424,2319.007175,12721
mstlo-rust,phi_hi,425,2322.010798,12721
mstlo-rust,phi_hi,426,2325.015153,12721
mstlo-rust,phi_hi,427,2328.018402,12721
mstlo-rust,phi_hi,428,2331.024816,12721
mstlo-rust,phi_hi,429,2334.026380,12721
mstlo-rust,phi_hi,430,2337.030691,12721
mstlo-rust,phi_hi,431,2340.034114,12721
mstlo-rust,phi_hi,432,2343.041732,12721
mstlo-rust,phi_hi,433,2346.048430,12721
mstlo-rust,phi_hi,434,2349.045875,12721
mstlo-rust,phi_hi,435,2352.049809,12721
mstlo-rust,phi_hi,436,2355.056683,12721
mstlo-rust,phi_hi,437,2358.056841,12721
mstlo-rust,phi_hi,438,2361.061330,12721
mstlo-rust,phi_hi,439,2364.064553,12721
mstlo-rust,phi_hi,440,2367.066497,12721
mstlo-rust,phi_hi,441,2370.066527,12721
mstlo-rust,phi_hi,442,2373.071574,12721
mstlo-rust,phi_hi,443,2376.074154,12721
mstlo-rust,phi_hi,444,2379.072591,12721
mstlo-rust,phi_hi,445,2382.076976,12721
mstlo-rust,phi_hi,446,2385.075874,12721
mstlo-rust,phi_hi,447,2388.085885,12721
mstlo-rust,phi_hi,448,2391.087045,12721
mstlo-rust,phi_hi,449,2394.089696,12721
mstlo-rust,phi_hi,450,2397.097934,12721
mstlo-rust,phi_hi,451,2400.097748,12721
mstlo-rust,phi_hi,452,2403.104446,12721
mstlo-rust,phi_hi,453,2406.104507,12721
mstlo-rust,phi_hi,454,2409.107293,12721
mstlo-rust,phi_hi,455,2412.112597,12721
mstlo-rust,phi_hi,456,2415.117357,12721
mstlo-rust,phi_hi,457,2418.119751,12721
mstlo-rust,phi_hi,458,2421.124437,12721
mstlo-rust,phi_hi,459,2424.128111,12721
mstlo-rust,phi_hi,460,2427.131646,12721
mstlo-rust,phi_hi,461,2430.130899,12721
mstlo-rust,phi_hi,462,2433.137661,12721
mstlo-rust,phi_hi,463,2436.141630,12721
mstlo-rust,phi_hi,464,2439.147611,12721
mstlo-rust,phi_hi,465,2442.146702,12721
mstlo-rust,phi_hi,466,2445.152357,12721
mstlo-rust,phi_hi,467,2448.152645,12721
mstlo-rust,phi_hi,468,2451.158907,12721
mstlo-rust,phi_hi,469,2454.161465,12721
mstlo-rust,phi_hi,470,2457.158781,12721
mstlo-rust,phi_hi,471,2460.160567,12721
mstlo-rust,phi_hi,472,2463.167938,12721
mstlo-rust,phi_hi,473,2466.170757,12721
mstlo-rust,phi_hi,474,2469.173705,12721
mstlo-rust,phi_hi,475,2472.181971,12721
mstlo-rust,phi_hi,476,2475.186448,12721
mstlo-rust,phi_hi,477,2478.191967,12721
mstlo-rust,phi_hi,478,2481.192093,12721
mstlo-rust,phi_hi,479,2484.194450,12721
mstlo-rust,phi_hi,480,2487.199456,12721
mstlo-rust,phi_hi,481,2490.203303,12721
mstlo-rust,phi_hi,482,2493.202464,12721
mstlo-rust,phi_hi,483,2496.276278,12721
mstlo-rust,phi_hi,484,2499.210070,12721
mstlo-rust,phi_hi,485,2502.210415,12721
mstlo-rust,phi_hi,486,2505.209912,12721
mstlo-rust,phi_hi,487,2508.215903,12721
mstlo-rust,phi_hi,488,2511.218982,12721
mstlo-rust,phi_hi,489,2514.223303,12721
mstlo-rust,phi_hi,490,2517.221807,12721
mstlo-rust,phi_hi,491,2520.225098,12721
mstlo-rust,phi_hi,492,2523.224578,12721
mstlo-rust,phi_hi,493,2526.228627,12721
mstlo-rust,phi_hi,494,2529.232712,12721
mstlo-rust,phi_hi,495,2532.238090,12721
mstlo-rust,phi_hi,496,2535.240375,12721
mstlo-rust,phi_hi,497,2538.249289,12721
mstlo-rust,phi_hi,498,2541.250931,12721
mstlo-rust,phi_hi,499,2544.256105,12721
mstlo-rust,phi_hi,500,2547.263245,12721
mstlo-rust,phi_hi,501,2550.266607,12721
mstlo-rust,phi_hi,502,2553.269929,12721
mstlo-rust,phi_hi,503,2556.270626,12721
mstlo-rust,phi_hi,504,2559.272480,12721
mstlo-rust,phi_hi,505,2562.279440,12721
mstlo-rust,phi_hi,506,2565.278174,12721
mstlo-rust,phi_hi,507,2568.284798,12721
mstlo-rust,phi_hi,508,2571.288624,12721
mstlo-rust,phi_hi,509,2574.288624,12721
mstlo-rust,phi_hi,510,2577.296678,12721
mstlo-rust,phi_hi,511,2580.295067,12721
mstlo-rust,phi_hi,512,2583.303603,12721
mstlo-rust,phi_hi,513,2586.306337,12721
mstlo-rust,phi_hi,514,2589.306576,12721
mstlo-rust,phi_hi,515,2592.312016,12721
mstlo-rust,phi_hi,516,2595.312214,12721
mstlo-rust,phi_hi,517,2598.318291,12721
mstlo-rust,phi_hi,518,2601.318539,12721
mstlo-rust,phi_hi,519,2604.326148,12721
mstlo-rust,phi_hi,520,2607.329310,12721
mstlo-rust,phi_hi,521,2610.332505,12721
mstlo-rust,phi_hi,522,2613.333366,12721
mstlo-rust,phi_hi,523,2616.336499,12721
mstlo-rust,phi_hi,524,2619.341308,12721
mstlo-rust,phi_hi,525,2622.349085,12721
mstlo-rust,phi_hi,526,2625.351332,12721
mstlo-rust,phi_hi,527,2628.359031,12721
mstlo-rust,phi_hi,528,2631.363164,12721
mstlo-rust,phi_hi,529,2634.364862,12721
mstlo-rust,phi_hi,530,2637.361975,12721
mstlo-rust,phi_hi,531,2640.367749,12721
mstlo-rust,phi_hi,532,2643.368227,12721
mstlo-rust,phi_hi,533,2646.374084,12721
mstlo-rust,phi_hi,534,2649.378061,12721
mstlo-rust,phi_hi,535,2652.378592,12721
mstlo-rust,phi_hi,536,2655.379981,12721
mstlo-rust,phi_hi,537,2658.384391,12721
mstlo-rust,phi_hi,538,2661.386856,12721
mstlo-rust,phi_hi,539,2664.423761,12721
mstlo-rust,phi_hi,540,2667.389560,12721
mstlo-rust,phi_hi,541,2670.397911,12721
mstlo-rust,phi_hi,542,2673.399537,12721
mstlo-rust,phi_hi,543,2676.403037,12721
mstlo-rust,phi_hi,544,2679.408683,12721
mstlo-rust,phi_hi,545,2682.409048,12721
mstlo-rust,phi_hi,546,2685.410459,12721
mstlo-rust,phi_hi,547,2688.414546,12721
mstlo-rust,phi_hi,548,2691.418171,12721
mstlo-rust,phi_hi,549,2694.424128,12721
mstlo-rust,phi_hi,550,2697.425838,12721
mstlo-rust,phi_hi,551,2700.431170,12721
mstlo-rust,phi_hi,552,2703.435683,12721
mstlo-rust,phi_hi,553,2706.442902,12721
mstlo-rust,phi_hi,554,2709.440057,12721
mstlo-rust,phi_hi,555,2712.445673,12721
mstlo-rust,phi_hi,556,2715.445295,12721
mstlo-rust,phi_hi,557,2718.448208,12721
mstlo-rust,phi_hi,558,2721.450045,12721
mstlo-rust,phi_hi,559,2724.455290,12721
mstlo-rust,phi_hi,560,2727.455551,12721
mstlo-rust,phi_hi,561,2730.460078,12721
mstlo-rust,phi_hi,562,2733.465155,12721
mstlo-rust,phi_hi,563,2736.471800,12721
mstlo-rust,phi_hi,564,2739.472221,12721
mstlo-rust,phi_hi,565,2742.476782,12721
mstlo-rust,phi_hi,566,2745.481317,12721
mstlo-rust,phi_hi,567,2748.487679,12721
mstlo-rust,phi_hi,568,2751.488851,12721
mstlo-rust,phi_hi,569,2754.494874,12721
mstlo-rust,phi_hi,570,2757.505738,12721
mstlo-rust,phi_hi,571,2760.508292,12721
mstlo-rust,phi_hi,572,2763.511755,12721
mstlo-rust,phi_hi,573,2766.515670,12721
mstlo-rust,phi_hi,574,2769.521592,12721
mstlo-rust,phi_hi,575,2772.523019,12721
mstlo-rust,phi_hi,576,2775.530074,12721
mstlo-rust,phi_hi,577,2778.530934,12721
mstlo-rust,phi_hi,578,2781.533431,12721
mstlo-rust,phi_hi,579,2784.538101,12721
mstlo-rust,phi_hi,580,2787.542867,12721
mstlo-rust,phi_hi,581,2790.542893,12721
mstlo-rust,phi_hi,582,2793.545669,12721
mstlo-rust,phi_hi,583,2796.549881,12721
mstlo-rust,phi_hi,584,2799.554951,12721
mstlo-rust,phi_hi,585,2802.562043,12721
mstlo-rust,phi_hi,586,2805.567264,12721
mstlo-rust,phi_hi,587,2808.572907,12721
mstlo-rust,phi_hi,588,2811.572826,12721
mstlo-rust,phi_hi,589,2814.578085,12721
mstlo-rust,phi_hi,590,2817.582789,12721
mstlo-rust,phi_hi,591,2820.587149,12721
mstlo-rust,phi_hi,592,2823.588790,12721
mstlo-rust,phi_hi,593,2826.590176,12721
mstlo-rust,phi_hi,594,2829.595650,12721
mstlo-rust,phi_hi,595,2832.599799,12721
mstlo-rust,phi_hi,596,2835.600687,12721
mstlo-rust,phi_hi,597,2838.601657,12721
mstlo-rust,phi_hi,598,2841.602503,12721
mstlo-rust,phi_hi,599,2844.609731,12721
mstlo-rust,phi_hi,600,2847.609972,12721
mstlo-rust,phi_hi,601,2850.616955,12721
mstlo-rust,phi_hi,602,2853.619948,12721
mstlo-rust,phi_hi,603,2856.627437,12721
mstlo-rust,phi_hi,604,2859.632407,12721
mstlo-rust,phi_hi,605,2862.634292,14001
mstlo-rust,phi_hi,606,2865.635713,14001
mstlo-rust,phi_hi,607,2868.636104,14001
mstlo-rust,phi_hi,608,2871.639805,14001
mstlo-rust,phi_hi,609,2874.643635,14001
mstlo-rust,phi_hi,610,2877.645582,14001
mstlo-rust,phi_hi,611,2880.650591,14001
mstlo-rust,phi_hi,612,2883.656146,14001
mstlo-rust,phi_hi,613,2886.657643,14001
mstlo-rust,phi_hi,614,2889.665650,14001
mstlo-rust,phi_hi,615,2892.662465,14001
mstlo-rust,phi_hi,616,2895.671671,14001
mstlo-rust,phi_hi,617,2898.674704,14001
mstlo-rust,phi_hi,618,2901.673626,14001
mstlo-rust,phi_hi,619,2904.680965,14001
mstlo-rust,phi_hi,620,2907.680657,14001
mstlo-rust,phi_hi,621,2910.682634,14001
mstlo-rust,phi_hi,622,2913.687488,14001
mstlo-rust,phi_hi,623,2916.692718,14001
mstlo-rust,phi_hi,624,2919.696872,14001
mstlo-rust,phi_hi,625,2922.698518,14001
mstlo-rust,phi_hi,626,2925.697743,14001
mstlo-rust,phi_hi,627,2928.706837,14001
mstlo-rust,phi_hi,628,2931.708706,14001
mstlo-rust,phi_hi,629,2934.712454,14001
mstlo-rust,phi_hi,630,2937.713739,14001
mstlo-rust,phi_hi,631,2940.722371,14001
mstlo-rust,phi_hi,632,2943.719953,14001
mstlo-rust,phi_hi,633,2946.727235,14001
mstlo-rust,phi_hi,634,2949.731030,14001
mstlo-rust,phi_hi,635,2952.736626,14001
mstlo-rust,phi_hi,636,2955.741411,14001
mstlo-rust,phi_hi,637,2958.747634,14001
mstlo-rust,phi_hi,638,2961.752448,14001
mstlo-rust,phi_hi,639,2964.756771,14001
mstlo-rust,phi_hi,640,2967.758264,14001
mstlo-rust,phi_hi,641,2970.762936,14001
mstlo-rust,phi_hi,642,2973.767878,14001
mstlo-rust,phi_hi,643,2976.771221,14001
mstlo-rust,phi_hi,644,2979.774124,14001
mstlo-rust,phi_hi,645,2982.775157,14001
mstlo-rust,phi_hi,646,2985.781721,14001
mstlo-rust,phi_hi,647,2988.780240,14001
mstlo-rust,phi_hi,648,2991.788889,14001
mstlo-rust,phi_hi,649,2994.792150,14001
mstlo-rust,phi_hi,650,2997.794554,14001
mstlo-rust,phi_hi,651,3000.793089,14001
mstlo-rust,phi_hi,652,3003.795902,14001
mstlo-rust,phi_hi,653,3006.797639,14001
mstlo-rust,phi_hi,654,3009.800817,14001
mstlo-rust,phi_hi,655,3012.804790,14001
mstlo-rust,phi_hi,656,3015.807138,14001
mstlo-rust,phi_hi,657,3018.805325,14001
mstlo-rust,phi_hi,658,3021.812789,14001
mstlo-rust,phi_hi,659,3024.816753,14001
mstlo-rust,phi_hi,660,3027.820979,14001
mstlo-rust,phi_hi,661,3030.823228,14001
mstlo-rust,phi_hi,662,3033.826729,14001
mstlo-rust,phi_hi,663,3036.829630,14001
mstlo-rust,phi_hi,664,3039.831351,14001
mstlo-rust,phi_hi,665,3042.837841,14001
mstlo-rust,phi_hi,666,3045.841690,14001
mstlo-rust,phi_hi,667,3048.847678,14001
mstlo-rust,phi_hi,668,3051.846704,14001
mstlo-rust,phi_hi,669,3054.848763,14001
mstlo-rust,phi_hi,670,3057.854449,14001
mstlo-rust,phi_hi,671,3060.859601,14001
mstlo-rust,phi_hi,672,3063.858481,14001
mstlo-rust,phi_hi,673,3066.860748,14001
mstlo-rust,phi_hi,674,3069.860008,14001
mstlo-rust,phi_hi,675,3072.862620,14001
mstlo-rust,phi_hi,676,3075.866471,14001
mstlo-rust,phi_hi,677,3078.883227,14001
mstlo-rust,phi_hi,678,3081.874359,14001
mstlo-rust,phi_hi,679,3084.880657,14001
mstlo-rust,phi_hi,680,3087.887720,14001
mstlo-rust,phi_hi,681,3090.888070,14001
mstlo-rust,phi_hi,682,3093.888464,14001
mstlo-rust,phi_hi,683,3096.896827,14001
mstlo-rust,phi_hi,684,3099.898374,14001
mstlo-rust,phi_hi,685,3102.901753,14001
mstlo-rust,phi_hi,686,3105.904483,14001
mstlo-rust,phi_hi,687,3108.910315,14001
mstlo-rust,phi_hi,688,3111.925265,14001
mstlo-rust,phi_hi,689,3114.932167,14001
mstlo-rust,phi_hi,690,3117.935677,14001
mstlo-rust,phi_hi,691,3120.937294,14001
mstlo-rust,phi_hi,692,3123.939824,14001
mstlo-rust,phi_hi,693,3126.945622,14001
mstlo-rust,phi_hi,694,3129.948708,14001
mstlo-rust,phi_hi,695,3133.005403,14001
mstlo-rust,phi_hi,696,3136.007711,14001
mstlo-rust,phi_hi,697,3139.014256,14001
mstlo-rust,phi_hi,698,3142.019487,14001
mstlo-rust,phi_hi,699,3145.022538,14001
mstlo-rust,phi_hi,700,3148.019613,14001
mstlo-rust,phi_hi,701,3151.028102,14001
mstlo-rust,phi_hi,702,3154.031569,14001
mstlo-rust,phi_hi,703,3157.036533,14001
mstlo-rust,phi_hi,704,3160.042514,14001
mstlo-rust,phi_hi,705,3163.047568,14001
mstlo-rust,phi_hi,706,3166.050048,14001
mstlo-rust,phi_hi,707,3169.053288,14001
mstlo-rust,phi_hi,708,3172.054408,14001
mstlo-rust,phi_hi,709,3175.054562,14001
mstlo-rust,phi_hi,710,3178.057831,14001
mstlo-rust,phi_hi,711,3181.059914,14001
mstlo-rust,phi_hi,712,3184.059786,14001
mstlo-rust,phi_hi,713,3187.069544,14001
mstlo-rust,phi_hi,714,3190.070981,14001
mstlo-rust,phi_hi,715,3193.076239,14001
mstlo-rust,phi_hi,716,3196.079917,14001
mstlo-rust,phi_hi,717,3199.076647,14001
mstlo-rust,phi_hi,718,3202.084670,14001
mstlo-rust,phi_hi,719,3205.082980,14001
mstlo-rust,phi_hi,720,3208.085448,14001
mstlo-rust,phi_hi,721,3211.091009,14001
mstlo-rust,phi_hi,722,3214.098842,14001
mstlo-rust,phi_hi,723,3217.101591,14001
mstlo-rust,phi_hi,724,3220.100870,14001
mstlo-rust,phi_hi,725,3223.106990,14001
mstlo-rust,phi_hi,726,3226.105759,14001
mstlo-rust,phi_hi,727,3229.114518,14001
mstlo-rust,phi_hi,728,3232.118581,14001
mstlo-rust,phi_hi,729,3235.120152,14001
mstlo-rust,phi_hi,730,3238.122431,14001
mstlo-rust,phi_hi,731,3241.127563,14001
mstlo-rust,phi_hi,732,3244.129317,14001
mstlo-rust,phi_hi,733,3247.132094,14001
mstlo-rust,phi_hi,734,3250.135443,14001
mstlo-rust,phi_hi,735,3253.141120,14001
mstlo-rust,phi_hi,736,3256.144930,14001
mstlo-rust,phi_hi,737,3259.151136,14001
mstlo-rust,phi_hi,738,3262.155831,14001
mstlo-rust,phi_hi,739,3265.154645,14001
mstlo-rust,phi_hi,740,3268.159434,14001
mstlo-rust,phi_hi,741,3271.161044,14001
mstlo-rust,phi_hi,742,3274.165331,14001
mstlo-rust,phi_hi,743,3277.169950,14001
mstlo-rust,phi_hi,744,3280.175512,14001
mstlo-rust,phi_hi,745,3283.176678,14001
mstlo-rust,phi_hi,746,3286.178175,14001
mstlo-rust,phi_hi,747,3289.184738,14001
mstlo-rust,phi_hi,748,3292.184042,14001
mstlo-rust,phi_hi,749,3295.186061,14001
mstlo-rust,phi_hi,750,3298.189089,14001
mstlo-rust,phi_hi,751,3301.193620,14001
mstlo-rust,phi_hi,752,3304.198888,14001
mstlo-rust,phi_hi,753,3307.203214,14001
mstlo-rust,phi_hi,754,3310.205462,14001
mstlo-rust,phi_hi,755,3313.208131,14001
mstlo-rust,phi_hi,756,3316.207927,14001
mstlo-rust,phi_hi,757,3319.208757,14001
mstlo-rust,phi_hi,758,3322.211199,14001
mstlo-rust,phi_hi,759,3325.217627,14001
mstlo-rust,phi_hi,760,3328.222000,14001
mstlo-rust,phi_hi,761,3331.227241,14001
mstlo-rust,phi_hi,762,3334.231305,14001
mstlo-rust,phi_hi,763,3337.231360,14001
mstlo-rust,phi_hi,764,3340.235680,14001
mstlo-rust,phi_hi,765,3343.237927,14001
mstlo-rust,phi_hi,766,3346.240862,14001
mstlo-rust,phi_hi,767,3349.246863,14001
mstlo-rust,phi_hi,768,3352.255103,14001
mstlo-rust,phi_hi,769,3355.259534,14001
mstlo-rust,phi_hi,770,3358.258638,14001
mstlo-rust,phi_hi,771,3361.260032,14001
mstlo-rust,phi_hi,772,3364.267031,14001
mstlo-rust,phi_hi,773,3367.268078,14001
mstlo-rust,phi_hi,774,3370.271885,14001
mstlo-rust,phi_hi,775,3373.271814,14001
mstlo-rust,phi_hi,776,3376.278823,14001
mstlo-rust,phi_hi,777,3379.285013,14001
mstlo-rust,phi_hi,778,3382.289248,14001
mstlo-rust,phi_hi,779,3385.294163,14001
mstlo-rust,phi_hi,780,3388.294040,14001
mstlo-rust,phi_hi,781,3391.293192,14001
mstlo-rust,phi_hi,782,3394.299777,14001
mstlo-rust,phi_hi,783,3397.307079,14001
mstlo-rust,phi_hi,784,3400.310969,14001
mstlo-rust,phi_hi,785,3403.309847,14001
mstlo-rust,phi_hi,786,3406.311627,14001
mstlo-rust,phi_hi,787,3409.313969,14001
mstlo-rust,phi_hi,788,3412.318681,14001
mstlo-rust,phi_hi,789,3415.322971,14001
mstlo-rust,phi_hi,790,3418.324586,14001
mstlo-rust,phi_hi,791,3421.329922,14001
mstlo-rust,phi_hi,792,3424.335461,14001
mstlo-rust,phi_hi,793,3427.336924,14001
mstlo-rust,phi_hi,794,3430.341486,14001
mstlo-rust,phi_hi,795,3433.345614,14001
mstlo-rust,phi_hi,796,3436.348446,14001
mstlo-rust,phi_hi,797,3439.350215,14001
mstlo-rust,phi_hi,798,3442.355837,14001
mstlo-rust,phi_hi,799,3445.359896,14001
mstlo-rust,phi_hi,800,3448.362736,14001
mstlo-rust,phi_hi,801,3451.365694,14001
mstlo-rust,phi_hi,802,3454.369110,14001
mstlo-rust,phi_hi,803,3457.370857,14001
mstlo-rust,phi_hi,804,3460.372927,14001
mstlo-rust,phi_hi,805,3463.375496,14001
mstlo-rust,phi_hi,806,3466.379951,14001
mstlo-rust,phi_hi,807,3469.382942,14001
mstlo-rust,phi_hi,808,3472.388896,14001
mstlo-rust,phi_hi,809,3475.387927,14001
mstlo-rust,phi_hi,810,3478.390540,14001
mstlo-rust,phi_hi,811,3481.392754,14001
mstlo-rust,phi_hi,812,3484.398845,14001
mstlo-rust,phi_hi,813,3487.404031,14001
mstlo-rust,phi_hi,814,3490.406107,14001
mstlo-rust,phi_hi,815,3493.410370,14001
mstlo-rust,phi_hi,816,3496.416580,14001
mstlo-rust,phi_hi,817,3499.422230,14001
mstlo-rust,phi_hi,818,3502.420714,14001
mstlo-rust,phi_hi,819,3505.427231,14001
mstlo-rust,phi_hi,820,3508.430588,14001
mstlo-rust,phi_hi,821,3511.434024,14001
mstlo-rust,phi_hi,822,3514.441144,14001
mstlo-rust,phi_hi,823,3517.441446,14001
mstlo-rust,phi_hi,824,3520.445992,14001
mstlo-rust,phi_hi,825,3523.451242,14001
mstlo-rust,phi_hi,826,3526.455562,14001
mstlo-rust,phi_hi,827,3529.460995,14001
mstlo-rust,phi_hi,828,3532.464449,14001
mstlo-rust,phi_hi,829,3535.467876,14001
mstlo-rust,phi_hi,830,3538.465668,14001
mstlo-rust,phi_hi,831,3541.467620,14001
mstlo-rust,phi_hi,832,3544.471184,14001
mstlo-rust,phi_hi,833,3547.478246,14001
mstlo-rust,phi_hi,834,3550.481070,14001
mstlo-rust,phi_hi,835,3553.482877,14001
mstlo-rust,phi_hi,836,3556.486041,14001
mstlo-rust,phi_hi,837,3559.489677,14001
mstlo-rust,phi_hi,838,3562.495939,14001
mstlo-rust,phi_hi,839,3565.492861,14001
mstlo-rust,phi_hi,840,3568.498665,14001
mstlo-rust,phi_hi,841,3571.501453,14001
mstlo-rust,phi_hi,842,3574.505664,14001
mstlo-rust,phi_hi,843,3577.514525,14001
mstlo-rust,phi_hi,844,3580.515819,14001
mstlo-rust,phi_hi,845,3583.520326,14001
mstlo-rust,phi_hi,846,3586.523076,14001
mstlo-rust,phi_hi,847,3589.526127,14001
mstlo-rust,phi_hi,848,3592.527755,14001
mstlo-rust,phi_hi,849,3595.532212,14001
mstlo-rust,phi_hi,850,3598.534767,14001
mstlo-rust,phi_hi,851,3601.535778,14001
mstlo-rust,phi_hi,852,3604.536014,14001
mstlo-rust,phi_hi,853,3607.542907,14001
mstlo-rust,phi_hi,854,3610.544418,14001
mstlo-rust,phi_hi,855,3613.549855,14001
mstlo-rust,phi_hi,856,3616.557770,14001
mstlo-rust,phi_hi,857,3619.555469,14001
mstlo-rust,phi_hi,858,3622.564667,14001
mstlo-rust,phi_hi,859,3625.567093,14001
mstlo-rust,phi_hi,860,3628.567671,14001
mstlo-rust,phi_hi,861,3631.571413,14001
mstlo-rust,phi_hi,862,3634.570743,14001
mstlo-rust,phi_hi,863,3637.574507,14001
mstlo-rust,phi_hi,864,3640.578691,14001
mstlo-rust,phi_hi,865,3643.587159,14001
mstlo-rust,phi_hi,866,3646.587442,14001
mstlo-rust,phi_hi,867,3649.591411,14001
mstlo-rust,phi_hi,868,3652.593944,14001
mstlo-rust,phi_hi,869,3655.598460,14001
mstlo-rust,phi_hi,870,3658.599663,14001
mstlo-rust,phi_hi,871,3661.606935,14001
mstlo-rust,phi_hi,872,3664.611720,14001
mstlo-rust,phi_hi,873,3667.615744,14001
mstlo-rust,phi_hi,874,3670.620585,14001
mstlo-rust,phi_hi,875,3673.619781,14001
mstlo-rust,phi_hi,876,3676.625756,14001
mstlo-rust,phi_hi,877,3679.630801,14001
mstlo-rust,phi_hi,878,3682.634190,14001
mstlo-rust,phi_hi,879,3685.633823,14001
mstlo-rust,phi_hi,880,3688.639823,14001
mstlo-rust,phi_hi,881,3691.642376,14001
mstlo-rust,phi_hi,882,3694.648784,14001
mstlo-rust,phi_hi,883,3697.649384,14001
mstlo-rust,phi_hi,884,3700.651101,14001
mstlo-rust,phi_hi,885,3703.652654,14001
mstlo-rust,phi_hi,886,3706.657508,14001
mstlo-rust,phi_hi,887,3709.660003,14001
mstlo-rust,phi_hi,888,3712.664592,14001
mstlo-rust,phi_hi,889,3715.661769,14001
mstlo-rust,phi_hi,890,3718.671321,14001
mstlo-rust,phi_hi,891,3721.672708,14001
mstlo-rust,phi_hi,892,3724.674082,14001
mstlo-rust,phi_hi,893,3727.673367,14001
mstlo-rust,phi_hi,894,3730.677347,14001
mstlo-rust,phi_hi,895,3733.684756,14001
mstlo-rust,phi_hi,896,3736.687435,14001
mstlo-rust,phi_hi,897,3739.688102,14001
mstlo-rust,phi_hi,898,3742.690548,14001
mstlo-rust,phi_hi,899,3745.695703,14001
mstlo-rust,phi_hi,900,3748.700156,14001
mstlo-rust,phi_hi,901,3751.702323,14001
mstlo-rust,phi_hi,902,3754.708402,14001
mstlo-rust,phi_hi,903,3757.713412,14001
mstlo-rust,phi_hi,904,3760.718712,14001
mstlo-rust,phi_hi,905,3763.717862,14001
mstlo-rust,phi_hi,906,3766.719840,14001
mstlo-rust,phi_hi,907,3769.720541,14001
mstlo-rust,phi_hi,908,3772.724728,14001
mstlo-rust,phi_hi,909,3775.723963,14001
mstlo-rust,phi_hi,910,3778.728923,14001
mstlo-rust,phi_hi,911,3781.728202,14001
mstlo-rust,phi_hi,912,3784.735111,14001
mstlo-rust,phi_hi,913,3787.734756,14001
mstlo-rust,phi_hi,914,3790.739306,14001
mstlo-rust,phi_hi,915,3793.743814,14001
mstlo-rust,phi_hi,916,3796.744146,14001
mstlo-rust,phi_hi,917,3799.745396,14001
mstlo-rust,phi_hi,918,3802.753052,14001
mstlo-rust,phi_hi,919,3805.752570,14001
mstlo-rust,phi_hi,920,3808.754273,14001
mstlo-rust,phi_hi,921,3811.761597,14001
mstlo-rust,phi_hi,922,3814.766009,14001
mstlo-rust,phi_hi,923,3817.767696,14001
mstlo-rust,phi_hi,924,3820.768949,14001
mstlo-rust,phi_hi,925,3823.773864,14001
mstlo-rust,phi_hi,926,3826.781337,14001
mstlo-rust,phi_hi,927,3829.782403,14001
mstlo-rust,phi_hi,928,3832.782097,14001
mstlo-rust,phi_hi,929,3835.783297,14001
mstlo-rust,phi_hi,930,3838.783221,14001
mstlo-rust,phi_hi,931,3841.789828,14001
mstlo-rust,phi_hi,932,3844.791440,14001
mstlo-rust,phi_hi,933,3847.796947,14001
mstlo-rust,phi_hi,934,3850.798118,14001
mstlo-rust,phi_hi,935,3853.799452,14001
mstlo-rust,phi_hi,936,3856.806861,14001
mstlo-rust,phi_hi,937,3859.805216,14001
mstlo-rust,phi_hi,938,3862.808631,14001
mstlo-rust,phi_hi,939,3865.812321,14001
mstlo-rust,phi_hi,940,3868.822893,14001
mstlo-rust,phi_hi,941,3871.827068,14001
mstlo-rust,phi_hi,942,3874.827012,14001
mstlo-rust,phi_hi,943,3877.830510,14001
mstlo-rust,phi_hi,944,3880.838445,14001
mstlo-rust,phi_hi,945,3883.838514,14001
mstlo-rust,phi_hi,946,3886.843449,14001
mstlo-rust,phi_hi,947,3889.846779,14001
mstlo-rust,phi_hi,948,3892.859405,14001
mstlo-rust,phi_hi,949,3895.860242,14001
mstlo-rust,phi_hi,950,3898.863311,14001
mstlo-rust,phi_hi,951,3901.867195,14001
mstlo-rust,phi_hi,952,3904.867998,14001
mstlo-rust,phi_hi,953,3907.871752,14001
mstlo-rust,phi_hi,954,3910.880823,14001
mstlo-rust,phi_hi,955,3913.885561,14001
mstlo-rust,phi_hi,956,3916.888846,14001
mstlo-rust,phi_hi,957,3919.891531,14001
mstlo-rust,phi_hi,958,3922.895279,14001
mstlo-rust,phi_hi,959,3925.896991,14001
mstlo-rust,phi_hi,960,3928.903361,14001
mstlo-rust,phi_hi,961,3931.906690,14001
mstlo-rust,phi_hi,962,3934.902042,14001
mstlo-rust,phi_hi,963,3937.913489,14001
mstlo-rust,phi_hi,964,3940.913157,14001
mstlo-rust,phi_hi,965,3943.915240,14001
mstlo-rust,phi_hi,966,3946.917296,14001
mstlo-rust,phi_hi,967,3949.924775,14001
mstlo-rust,phi_hi,968,3952.928953,14001
mstlo-rust,phi_hi,969,3955.932737,14001
mstlo-rust,phi_hi,970,3958.933460,14001
mstlo-rust,phi_hi,971,3961.937291,14001
mstlo-rust,phi_hi,972,3964.946071,14001
mstlo-rust,phi_hi,973,3967.944775,14001
mstlo-rust,phi_hi,974,3970.944781,14001
mstlo-rust,phi_hi,975,3973.947600,14001
mstlo-rust,phi_hi,976,3976.951757,14001
mstlo-rust,phi_hi,977,3979.957988,14001
mstlo-rust,phi_hi,978,3982.962677,14001
mstlo-rust,phi_hi,979,3985.962270,14001
mstlo-rust,phi_hi,980,3988.966244,14001
mstlo-rust,phi_hi,981,3991.964551,14001
mstlo-rust,phi_hi,982,3994.972281,14001
mstlo-rust,phi_hi,983,3997.971092,14001
mstlo-rust,phi_hi,984,4000.977171,14001
mstlo-rust,phi_hi,985,4003.978838,14001
mstlo-rust,phi_hi,986,4006.979847,14001
mstlo-rust,phi_hi,987,4009.988978,14001
mstlo-rust,phi_hi,988,4012.992000,14001
mstlo-rust,phi_lo,0,1045.596877,1681
mstlo-rust,phi_lo,1,1048.602430,1681
mstlo-rust,phi_lo,2,1051.605090,1681
mstlo-rust,phi_lo,3,1054.608524,1681
mstlo-rust,phi_lo,4,1057.612105,1905
mstlo-rust,phi_lo,5,1060.621417,1905
mstlo-rust,phi_lo,6,1063.622936,1905
mstlo-rust,phi_lo,7,1066.626079,1905
mstlo-rust,phi_lo,8,1069.631797,2353
mstlo-rust,phi_lo,9,1072.632049,2353
mstlo-rust,phi_lo,10,1075.635862,2353
mstlo-rust,phi_lo,11,1078.641096,2353
mstlo-rust,phi_lo,12,1081.642250,2353
mstlo-rust,phi_lo,13,1084.647439,2353
mstlo-rust,phi_lo,14,1087.657963,2353
mstlo-rust,phi_lo,15,1090.657498,2353
mstlo-rust,phi_lo,16,1093.656123,3409
mstlo-rust,phi_lo,17,1096.661155,3409
mstlo-rust,phi_lo,18,1099.665486,3409
mstlo-rust,phi_lo,19,1102.671659,3409
mstlo-rust,phi_lo,20,1105.683576,3409
mstlo-rust,phi_lo,21,1108.678150,3409
mstlo-rust,phi_lo,22,1111.688085,3409
mstlo-rust,phi_lo,23,1114.688906,3409
mstlo-rust,phi_lo,24,1117.685812,3409
mstlo-rust,phi_lo,25,1120.686275,3409
mstlo-rust,phi_lo,26,1123.693360,3409
mstlo-rust,phi_lo,27,1126.697075,3409
mstlo-rust,phi_lo,28,1129.697905,3409
mstlo-rust,phi_lo,29,1132.708189,3409
mstlo-rust,phi_lo,30,1135.714890,3409
mstlo-rust,phi_lo,31,1138.716213,3409
mstlo-rust,phi_lo,32,1141.715518,5201
mstlo-rust,phi_lo,33,1144.724015,5201
mstlo-rust,phi_lo,34,1147.724700,5201
mstlo-rust,phi_lo,35,1150.723676,5201
mstlo-rust,phi_lo,36,1153.726686,5201
mstlo-rust,phi_lo,37,1156.732280,5201
mstlo-rust,phi_lo,38,1159.736277,5201
mstlo-rust,phi_lo,39,1162.740729,5201
mstlo-rust,phi_lo,40,1165.746010,5201
mstlo-rust,phi_lo,41,1168.743467,5201
mstlo-rust,phi_lo,42,1171.751363,5201
mstlo-rust,phi_lo,43,1174.752148,5201
mstlo-rust,phi_lo,44,1177.758210,5201
mstlo-rust,phi_lo,45,1180.759537,5201
mstlo-rust,phi_lo,46,1183.767032,5201
mstlo-rust,phi_lo,47,1186.767152,5201
mstlo-rust,phi_lo,48,1189.772063,5201
mstlo-rust,phi_lo,49,1192.773848,5201
mstlo-rust,phi_lo,50,1195.778268,5201
mstlo-rust,phi_lo,51,1198.781684,5201
mstlo-rust,phi_lo,52,1201.784844,5201
mstlo-rust,phi_lo,53,1204.783387,5201
mstlo-rust,phi_lo,54,1207.787677,5201
mstlo-rust,phi_lo,55,1210.788435,5201
mstlo-rust,phi_lo,56,1213.792846,5201
mstlo-rust,phi_lo,57,1216.791108,5201
mstlo-rust,phi_lo,58,1219.793328,5201
mstlo-rust,phi_lo,59,1222.793225,5201
mstlo-rust,phi_lo,60,1225.797929,5201
mstlo-rust,phi_lo,61,1228.799566,5201
mstlo-rust,phi_lo,62,1231.802562,5201
mstlo-rust,phi_lo,63,1234.801073,5201
mstlo-rust,phi_lo,64,1237.806793,8785
mstlo-rust,phi_lo,65,1240.812274,8785
mstlo-rust,phi_lo,66,1243.816576,8785
mstlo-rust,phi_lo,67,1246.818480,8785
mstlo-rust,phi_lo,68,1249.823549,8785
mstlo-rust,phi_lo,69,1252.831492,8785
mstlo-rust,phi_lo,70,1255.832951,8785
mstlo-rust,phi_lo,71,1258.840286,8785
mstlo-rust,phi_lo,72,1261.839770,8785
mstlo-rust,phi_lo,73,1264.842221,8785
mstlo-rust,phi_lo,74,1267.850001,8785
mstlo-rust,phi_lo,75,1270.853909,8785
mstlo-rust,phi_lo,76,1273.856277,8785
mstlo-rust,phi_lo,77,1276.870137,8785
mstlo-rust,phi_lo,78,1279.865925,8785
mstlo-rust,phi_lo,79,1282.869208,8785
mstlo-rust,phi_lo,80,1285.874638,8785
mstlo-rust,phi_lo,81,1288.874646,8785
mstlo-rust,phi_lo,82,1291.881283,8785
mstlo-rust,phi_lo,83,1294.879908,8785
mstlo-rust,phi_lo,84,1297.885186,8785
mstlo-rust,phi_lo,85,1300.892049,8785
mstlo-rust,phi_lo,86,1303.895832,8785
mstlo-rust,phi_lo,87,1306.896575,8785
mstlo-rust,phi_lo,88,1309.902165,8785
mstlo-rust,phi_lo,89,1312.906107,8785
mstlo-rust,phi_lo,90,1315.913837,8785
mstlo-rust,phi_lo,91,1318.916084,8785
mstlo-rust,phi_lo,92,1321.923249,8785
mstlo-rust,phi_lo,93,1324.919629,8785
mstlo-rust,phi_lo,94,1327.924835,8785
mstlo-rust,phi_lo,95,1330.928175,8785
mstlo-rust,phi_lo,96,1333.932636,8785
mstlo-rust,phi_lo,97,1336.934250,8785
mstlo-rust,phi_lo,98,1339.940138,8785
mstlo-rust,phi_lo,99,1342.944849,8785
mstlo-rust,phi_lo,100,1345.942231,8785
mstlo-rust,phi_lo,101,1348.945602,8785
mstlo-rust,phi_lo,102,1351.951577,8785
mstlo-rust,phi_lo,103,1354.955046,8785
mstlo-rust,phi_lo,104,1357.961081,8785
mstlo-rust,phi_lo,105,1360.963469,8785
mstlo-rust,phi_lo,106,1363.965572,8785
mstlo-rust,phi_lo,107,1366.968050,8785
mstlo-rust,phi_lo,108,1369.971603,8785
mstlo-rust,phi_lo,109,1372.973520,8785
mstlo-rust,phi_lo,110,1375.977345,8785
mstlo-rust,phi_lo,111,1378.981940,8785
mstlo-rust,phi_lo,112,1381.983964,8785
mstlo-rust,phi_lo,113,1384.990458,8785
mstlo-rust,phi_lo,114,1387.995282,8785
mstlo-rust,phi_lo,115,1390.997589,8785
mstlo-rust,phi_lo,116,1394.003279,8785
mstlo-rust,phi_lo,117,1397.004371,8785
mstlo-rust,phi_lo,118,1400.012031,8785
mstlo-rust,phi_lo,119,1403.017344,8785
mstlo-rust,phi_lo,120,1406.018095,9169
mstlo-rust,phi_lo,121,1409.017854,9169
mstlo-rust,phi_lo,122,1412.022140,9169
mstlo-rust,phi_lo,123,1415.026023,9169
mstlo-rust,phi_lo,124,1418.033946,9233
mstlo-rust,phi_lo,125,1421.033030,9233
mstlo-rust,phi_lo,126,1424.038597,9393
mstlo-rust,phi_lo,127,1427.039699,9393
mstlo-rust,phi_lo,128,1430.043836,9521
mstlo-rust,phi_lo,129,1433.048208,9521
mstlo-rust,phi_lo,130,1436.053303,9521
mstlo-rust,phi_lo,131,1439.058726,9841
mstlo-rust,phi_lo,132,1442.055256,9841
mstlo-rust,phi_lo,133,1445.061481,9841
mstlo-rust,phi_lo,134,1448.062559,9841
mstlo-rust,phi_lo,135,1451.065208,9841
mstlo-rust,phi_lo,136,1454.070623,9841
mstlo-rust,phi_lo,137,1457.072298,9841
mstlo-rust,phi_lo,138,1460.076338,9841
mstlo-rust,phi_lo,139,1463.080023,9841
mstlo-rust,phi_lo,140,1466.085194,9841
mstlo-rust,phi_lo,141,1469.086789,9841
mstlo-rust,phi_lo,142,1472.090151,9841
mstlo-rust,phi_lo,143,1475.089595,9841
mstlo-rust,phi_lo,144,1478.092405,9841
mstlo-rust,phi_lo,145,1481.094524,9841
mstlo-rust,phi_lo,146,1484.100855,9841
mstlo-rust,phi_lo,147,1487.103078,9841
mstlo-rust,phi_lo,148,1490.108782,9841
mstlo-rust,phi_lo,149,1493.110030,9841
mstlo-rust,phi_lo,150,1496.113304,9841
mstlo-rust,phi_lo,151,1499.117377,9841
mstlo-rust,phi_lo,152,1502.120782,9841
mstlo-rust,phi_lo,153,1505.125821,9841
mstlo-rust,phi_lo,154,1508.130551,9841
mstlo-rust,phi_lo,155,1511.135343,9841
mstlo-rust,phi_lo,156,1514.141654,9841
mstlo-rust,phi_lo,157,1517.144222,9841
mstlo-rust,phi_lo,158,1520.149032,9841
mstlo-rust,phi_lo,159,1523.151100,9841
mstlo-rust,phi_lo,160,1526.152846,10161
mstlo-rust,phi_lo,161,1529.153954,10161
mstlo-rust,phi_lo,162,1532.157378,10161
mstlo-rust,phi_lo,163,1535.161414,10161
mstlo-rust,phi_lo,164,1538.164423,10161
mstlo-rust,phi_lo,165,1541.165510,10161
mstlo-rust,phi_lo,166,1544.162672,10161
mstlo-rust,phi_lo,167,1547.166138,10161
mstlo-rust,phi_lo,168,1550.170412,10161
mstlo-rust,phi_lo,169,1553.168064,10161
mstlo-rust,phi_lo,170,1556.170920,10801
mstlo-rust,phi_lo,171,1559.176809,10801
mstlo-rust,phi_lo,172,1562.178020,10801
mstlo-rust,phi_lo,173,1565.181737,10801
mstlo-rust,phi_lo,174,1568.211645,10801
mstlo-rust,phi_lo,175,1571.185092,10801
mstlo-rust,phi_lo,176,1574.187785,10801
mstlo-rust,phi_lo,177,1577.190901,10801
mstlo-rust,phi_lo,178,1580.195681,10801
mstlo-rust,phi_lo,179,1583.198738,10801
mstlo-rust,phi_lo,180,1586.202807,10801
mstlo-rust,phi_lo,181,1589.208759,10801
mstlo-rust,phi_lo,182,1592.212907,10801
mstlo-rust,phi_lo,183,1595.218052,10801
mstlo-rust,phi_lo,184,1598.225578,10801
mstlo-rust,phi_lo,185,1601.227825,10801
mstlo-rust,phi_lo,186,1604.232765,10801
mstlo-rust,phi_lo,187,1607.236846,10801
mstlo-rust,phi_lo,188,1610.238465,10801
mstlo-rust,phi_lo,189,1613.243299,10801
mstlo-rust,phi_lo,190,1616.245617,10801
mstlo-rust,phi_lo,191,1619.249627,10801
mstlo-rust,phi_lo,192,1622.251609,10801
mstlo-rust,phi_lo,193,1625.253515,10801
mstlo-rust,phi_lo,194,1628.255240,10801
mstlo-rust,phi_lo,195,1631.259017,10801
mstlo-rust,phi_lo,196,1634.255470,10801
mstlo-rust,phi_lo,197,1637.263498,12081
mstlo-rust,phi_lo,198,1640.271419,12081
mstlo-rust,phi_lo,199,1643.274231,12081
mstlo-rust,phi_lo,200,1646.278607,12081
mstlo-rust,phi_lo,201,1649.278511,12081
mstlo-rust,phi_lo,202,1652.284440,12081
mstlo-rust,phi_lo,203,1655.289992,12081
mstlo-rust,phi_lo,204,1658.292516,12081
mstlo-rust,phi_lo,205,1661.295999,12081
mstlo-rust,phi_lo,206,1664.303414,12081
mstlo-rust,phi_lo,207,1667.304845,12081
mstlo-rust,phi_lo,208,1670.306378,12081
mstlo-rust,phi_lo,209,1673.308075,12081
mstlo-rust,phi_lo,210,1676.308781,12081
mstlo-rust,phi_lo,211,1679.307845,12081
mstlo-rust,phi_lo,212,1682.315147,12081
mstlo-rust,phi_lo,213,1685.311671,12081
mstlo-rust,phi_lo,214,1688.318706,12081
mstlo-rust,phi_lo,215,1691.320218,12081
mstlo-rust,phi_lo,216,1694.324468,12081
mstlo-rust,phi_lo,217,1697.325136,12081
mstlo-rust,phi_lo,218,1700.327469,12081
mstlo-rust,phi_lo,219,1703.328900,12081
mstlo-rust,phi_lo,220,1706.335578,12081
mstlo-rust,phi_lo,221,1709.343844,12081
mstlo-rust,phi_lo,222,1712.346756,12081
mstlo-rust,phi_lo,223,1715.350899,12081
mstlo-rust,phi_lo,224,1718.356244,12081
mstlo-rust,phi_lo,225,1721.359608,12081
mstlo-rust,phi_lo,226,1724.362747,12081
mstlo-rust,phi_lo,227,1727.362709,12081
mstlo-rust,phi_lo,228,1730.367624,12081
mstlo-rust,phi_lo,229,1733.372714,12081
mstlo-rust,phi_lo,230,1736.373271,12081
mstlo-rust,phi_lo,231,1739.381015,12081
mstlo-rust,phi_lo,232,1742.384338,12081
mstlo-rust,phi_lo,233,1745.383260,12081
mstlo-rust,phi_lo,234,1748.386055,12081
mstlo-rust,phi_lo,235,1751.389744,12081
mstlo-rust,phi_lo,236,1754.397061,12081
mstlo-rust,phi_lo,237,1757.399390,12081
mstlo-rust,phi_lo,238,1760.403711,12081
mstlo-rust,phi_lo,239,1763.402772,12081
mstlo-rust,phi_lo,240,1766.408986,12081
mstlo-rust,phi_lo,241,1769.415642,12081
mstlo-rust,phi_lo,242,1772.417189,12081
mstlo-rust,phi_lo,243,1775.414941,12081
mstlo-rust,phi_lo,244,1778.422761,12081
mstlo-rust,phi_lo,245,1781.427854,12081
mstlo-rust,phi_lo,246,1784.425158,12081
mstlo-rust,phi_lo,247,1787.434733,12081
mstlo-rust,phi_lo,248,1790.437101,12081
mstlo-rust,phi_lo,249,1793.441228,12081
mstlo-rust,phi_lo,250,1796.443879,12081
mstlo-rust,phi_lo,251,1799.441557,12081
mstlo-rust,phi_lo,252,1802.452153,12081
mstlo-rust,phi_lo,253,1805.454555,12081
mstlo-rust,phi_lo,254,1808.456982,14641
mstlo-rust,phi_lo,255,1811.462253,14641
mstlo-rust,phi_lo,256,1814.464061,14641
mstlo-rust,phi_lo,257,1817.469306,14641
mstlo-rust,phi_lo,258,1820.470979,14641
mstlo-rust,phi_lo,259,1823.473728,14641
mstlo-rust,phi_lo,260,1826.473803,14641
mstlo-rust,phi_lo,261,1829.479584,14641
mstlo-rust,phi_lo,262,1832.483173,14641
mstlo-rust,phi_lo,263,1835.482021,14641
mstlo-rust,phi_lo,264,1838.487608,14641
mstlo-rust,phi_lo,265,1841.490865,14641
mstlo-rust,phi_lo,266,1844.492171,14641
mstlo-rust,phi_lo,267,1847.496823,14641
mstlo-rust,phi_lo,268,1850.505458,14641
mstlo-rust,phi_lo,269,1853.511576,14641
mstlo-rust,phi_lo,270,1856.506721,14641
mstlo-rust,phi_lo,271,1859.513260,14641
mstlo-rust,phi_lo,272,1862.515126,14641
mstlo-rust,phi_lo,273,1865.514981,14641
mstlo-rust,phi_lo,274,1868.518495,14641
mstlo-rust,phi_lo,275,1871.523674,14641
mstlo-rust,phi_lo,276,1874.527173,14641
mstlo-rust,phi_lo,277,1877.528863,14641
mstlo-rust,phi_lo,278,1880.534270,14641
mstlo-rust,phi_lo,279,1883.534616,14641
mstlo-rust,phi_lo,280,1886.539984,14641
mstlo-rust,phi_lo,281,1889.543946,14641
mstlo-rust,phi_lo,282,1892.550047,14641
mstlo-rust,phi_lo,283,1895.552921,14641
mstlo-rust,phi_lo,284,1898.556427,14641
mstlo-rust,phi_lo,285,1901.561995,14641
mstlo-rust,phi_lo,286,1904.561942,14641
mstlo-rust,phi_lo,287,1907.562167,14641
mstlo-rust,phi_lo,288,1910.570923,14641
mstlo-rust,phi_lo,289,1913.572647,14641
mstlo-rust,phi_lo,290,1916.571751,14641
mstlo-rust,phi_lo,291,1919.575697,14641
mstlo-rust,phi_lo,292,1922.575315,14641
mstlo-rust,phi_lo,293,1925.581912,14641
mstlo-rust,phi_lo,294,1928.582836,14641
mstlo-rust,phi_lo,295,1931.589731,14641
mstlo-rust,phi_lo,296,1934.589012,14641
mstlo-rust,phi_lo,297,1937.587904,14641
mstlo-rust,phi_lo,298,1940.594455,14641
mstlo-rust,phi_lo,299,1943.595855,14641
mstlo-rust,phi_lo,300,1946.602305,14641
mstlo-rust,phi_lo,301,1949.607506,14641
mstlo-rust,phi_lo,302,1952.611613,14641
mstlo-rust,phi_lo,303,1955.614886,14641
mstlo-rust,phi_lo,304,1958.616982,14641
mstlo-rust,phi_lo,305,1961.624876,14641
mstlo-rust,phi_lo,306,1964.626869,14641
mstlo-rust,phi_lo,307,1967.655657,14641
mstlo-rust,phi_lo,308,1970.633681,14641
mstlo-rust,phi_lo,309,1973.633258,14641
mstlo-rust,phi_lo,310,1976.637637,14641
mstlo-rust,phi_lo,311,1979.641898,14641
mstlo-rust,phi_lo,312,1982.643137,14641
mstlo-rust,phi_lo,313,1985.646757,14641
mstlo-rust,phi_lo,314,1988.653112,14641
mstlo-rust,phi_lo,315,1991.654248,14641
mstlo-rust,phi_lo,316,1994.655482,14641
mstlo-rust,phi_lo,317,1997.660057,14641
mstlo-rust,phi_lo,318,2000.668238,14641
mstlo-rust,phi_lo,319,2003.670480,14641
mstlo-rust,phi_lo,320,2006.671784,14641
mstlo-rust,phi_lo,321,2009.673205,14641
mstlo-rust,phi_lo,322,2012.674197,14641
mstlo-rust,phi_lo,323,2015.680464,14641
mstlo-rust,phi_lo,324,2018.686497,14641
mstlo-rust,phi_lo,325,2021.689574,14641
mstlo-rust,phi_lo,326,2024.694587,14641
mstlo-rust,phi_lo,327,2027.698531,14641
mstlo-rust,phi_lo,328,2030.698679,14641
mstlo-rust,phi_lo,329,2033.702034,14641
mstlo-rust,phi_lo,330,2036.704490,14641
mstlo-rust,phi_lo,331,2039.708504,14641
mstlo-rust,phi_lo,332,2042.710524,14641
mstlo-rust,phi_lo,333,2045.711385,14641
mstlo-rust,phi_lo,334,2048.716915,14641
mstlo-rust,phi_lo,335,2051.719946,14641
mstlo-rust,phi_lo,336,2054.725426,14641
mstlo-rust,phi_lo,337,2057.726580,14641
mstlo-rust,phi_lo,338,2060.731221,14641
mstlo-rust,phi_lo,339,2063.734417,14641
mstlo-rust,phi_lo,340,2066.742754,14641
mstlo-rust,phi_lo,341,2069.741594,14641
mstlo-rust,phi_lo,342,2072.743655,14641
mstlo-rust,phi_lo,343,2075.747282,14641
mstlo-rust,phi_lo,344,2078.752094,14641
mstlo-rust,phi_lo,345,2081.756283,14641
mstlo-rust,phi_lo,346,2084.757102,14641
mstlo-rust,phi_lo,347,2087.755924,14641
mstlo-rust,phi_lo,348,2090.761187,14641
mstlo-rust,phi_lo,349,2093.766726,14641
mstlo-rust,phi_lo,350,2096.766076,14641
mstlo-rust,phi_lo,351,2099.775433,14641
mstlo-rust,phi_lo,352,2102.777641,14641
mstlo-rust,phi_lo,353,2105.782954,14641
mstlo-rust,phi_lo,354,2108.782354,14641
mstlo-rust,phi_lo,355,2111.787828,14641
mstlo-rust,phi_lo,356,2114.793966,14641
mstlo-rust,phi_lo,357,2117.795871,14641
mstlo-rust,phi_lo,358,2120.799855,14641
mstlo-rust,phi_lo,359,2123.804968,14641
mstlo-rust,phi_lo,360,2126.806859,14641
mstlo-rust,phi_lo,361,2129.809993,14641
mstlo-rust,phi_lo,362,2132.811585,14641
mstlo-rust,phi_lo,363,2135.813734,14641
mstlo-rust,phi_lo,364,2138.820572,14641
mstlo-rust,phi_lo,365,2141.839086,14641
mstlo-rust,phi_lo,366,2144.823941,14641
mstlo-rust,phi_lo,367,2147.826360,14641
mstlo-rust,phi_lo,368,2150.831878,14641
mstlo-rust,phi_lo,369,2153.834541,14641
mstlo-rust,phi_lo,370,2156.835961,14641
mstlo-rust,phi_lo,371,2159.840049,14641
mstlo-rust,phi_lo,372,2162.843658,14641
mstlo-rust,phi_lo,373,2165.844725,14641
mstlo-rust,phi_lo,374,2168.896104,14641
mstlo-rust,phi_lo,375,2171.847811,14641
mstlo-rust,phi_lo,376,2174.853451,14641
mstlo-rust,phi_lo,377,2177.854987,14641
mstlo-rust,phi_lo,378,2180.860130,14641
mstlo-rust,phi_lo,379,2183.861559,14641
mstlo-rust,phi_lo,380,2186.863553,14641
mstlo-rust,phi_lo,381,2189.867857,14641
mstlo-rust,phi_lo,382,2192.863284,14641
mstlo-rust,phi_lo,383,2195.868678,14641
mstlo-rust,phi_lo,384,2198.869817,14641
mstlo-rust,phi_lo,385,2201.871745,14641
mstlo-rust,phi_lo,386,2204.876109,14641
mstlo-rust,phi_lo,387,2207.878651,14641
mstlo-rust,phi_lo,388,2210.879736,14641
mstlo-rust,phi_lo,389,2213.886329,14641
mstlo-rust,phi_lo,390,2216.889205,14641
mstlo-rust,phi_lo,391,2219.891249,14641
mstlo-rust,phi_lo,392,2222.890979,14641
mstlo-rust,phi_lo,393,2225.893795,14641
mstlo-rust,phi_lo,394,2228.896501,14641
mstlo-rust,phi_lo,395,2231.900538,14641
mstlo-rust,phi_lo,396,2234.906310,14641
mstlo-rust,phi_lo,397,2237.906826,14641
mstlo-rust,phi_lo,398,2240.909481,14641
mstlo-rust,phi_lo,399,2243.912715,14641
mstlo-rust,phi_lo,400,2246.919881,14641
mstlo-rust,phi_lo,401,2249.919147,14641
mstlo-rust,phi_lo,402,2252.920808,14641
mstlo-rust,phi_lo,403,2255.925633,14641
mstlo-rust,phi_lo,404,2258.930770,14641
mstlo-rust,phi_lo,405,2261.933502,14641
mstlo-rust,phi_lo,406,2264.940554,14641
mstlo-rust,phi_lo,407,2267.940727,14641
mstlo-rust,phi_lo,408,2270.945830,14641
mstlo-rust,phi_lo,409,2273.947564,14641
mstlo-rust,phi_lo,410,2276.951623,14641
mstlo-rust,phi_lo,411,2279.953043,14641
mstlo-rust,phi_lo,412,2282.960080,14641
mstlo-rust,phi_lo,413,2285.966293,14641
mstlo-rust,phi_lo,414,2288.968086,14641
mstlo-rust,phi_lo,415,2291.973249,14641
mstlo-rust,phi_lo,416,2294.974636,14641
mstlo-rust,phi_lo,417,2297.982204,14641
mstlo-rust,phi_lo,418,2300.985703,14641
mstlo-rust,phi_lo,419,2303.993092,14641
mstlo-rust,phi_lo,420,2306.994488,14641
mstlo-rust,phi_lo,421,2309.996752,14641
mstlo-rust,phi_lo,422,2313.003582,14641
mstlo-rust,phi_lo,423,2316.005509,14641
mstlo-rust,phi_lo,424,2319.007175,14641
mstlo-rust,phi_lo,425,2322.010798,14641
mstlo-rust,phi_lo,426,2325.015153,14641
mstlo-rust,phi_lo,427,2328.018402,14641
mstlo-rust,phi_lo,428,2331.024816,14641
mstlo-rust,phi_lo,429,2334.026380,14641
mstlo-rust,phi_lo,430,2337.030691,14641
mstlo-rust,phi_lo,431,2340.034114,14641
mstlo-rust,phi_lo,432,2343.041732,14641
mstlo-rust,phi_lo,433,2346.048430,14641
mstlo-rust,phi_lo,434,2349.045875,14641
mstlo-rust,phi_lo,435,2352.049809,14641
mstlo-rust,phi_lo,436,2355.056683,14641
mstlo-rust,phi_lo,437,2358.056841,14641
mstlo-rust,phi_lo,438,2361.061330,14641
mstlo-rust,phi_lo,439,2364.064553,14641
mstlo-rust,phi_lo,440,2367.066497,14641
mstlo-rust,phi_lo,441,2370.066527,14641
mstlo-rust,phi_lo,442,2373.071574,14641
mstlo-rust,phi_lo,443,2376.074154,14641
mstlo-rust,phi_lo,444,2379.072591,14641
mstlo-rust,phi_lo,445,2382.076976,14641
mstlo-rust,phi_lo,446,2385.075874,14641
mstlo-rust,phi_lo,447,2388.085885,14641
mstlo-rust,phi_lo,448,2391.087045,14641
mstlo-rust,phi_lo,449,2394.089696,14641
mstlo-rust,phi_lo,450,2397.097934,14641
mstlo-rust,phi_lo,451,2400.097748,14641
mstlo-rust,phi_lo,452,2403.104446,14641
mstlo-rust,phi_lo,453,2406.104507,14641
mstlo-rust,phi_lo,454,2409.107293,14641
mstlo-rust,phi_lo,455,2412.112597,14641
mstlo-rust,phi_lo,456,2415.117357,14641
mstlo-rust,phi_lo,457,2418.119751,14641
mstlo-rust,phi_lo,458,2421.124437,14641
mstlo-rust,phi_lo,459,2424.128111,14641
mstlo-rust,phi_lo,460,2427.131646,14641
mstlo-rust,phi_lo,461,2430.130899,14641
mstlo-rust,phi_lo,462,2433.137661,14641
mstlo-rust,phi_lo,463,2436.141630,14641
mstlo-rust,phi_lo,464,2439.147611,14641
mstlo-rust,phi_lo,465,2442.146702,14641
mstlo-rust,phi_lo,466,2445.152357,14641
mstlo-rust,phi_lo,467,2448.152645,14641
mstlo-rust,phi_lo,468,2451.158907,14641
mstlo-rust,phi_lo,469,2454.161465,14641
mstlo-rust,phi_lo,470,2457.158781,14641
mstlo-rust,phi_lo,471,2460.160567,14641
mstlo-rust,phi_lo,472,2463.167938,14641
mstlo-rust,phi_lo,473,2466.170757,14641
mstlo-rust,phi_lo,474,2469.173705,14641
mstlo-rust,phi_lo,475,2472.181971,14641
mstlo-rust,phi_lo,476,2475.186448,14641
mstlo-rust,phi_lo,477,2478.191967,14641
mstlo-rust,phi_lo,478,2481.192093,14641
mstlo-rust,phi_lo,479,2484.194450,14641
mstlo-rust,phi_lo,480,2487.199456,14641
mstlo-rust,phi_lo,481,2490.203303,14641
mstlo-rust,phi_lo,482,2493.202464,14641
mstlo-rust,phi_lo,483,2496.276278,14641
mstlo-rust,phi_lo,484,2499.210070,14641
mstlo-rust,phi_lo,485,2502.210415,14641
mstlo-rust,phi_lo,486,2505.209912,14641
mstlo-rust,phi_lo,487,2508.215903,14641
mstlo-rust,phi_lo,488,2511.218982,14641
mstlo-rust,phi_lo,489,2514.223303,14641
mstlo-rust,phi_lo,490,2517.221807,14641
mstlo-rust,phi_lo,491,2520.225098,14641
mstlo-rust,phi_lo,492,2523.224578,14641
mstlo-rust,phi_lo,493,2526.228627,14641
mstlo-rust,phi_lo,494,2529.232712,14641
mstlo-rust,phi_lo,495,2532.238090,14641
mstlo-rust,phi_lo,496,2535.240375,14641
mstlo-rust,phi_lo,497,2538.249289,14641
mstlo-rust,phi_lo,498,2541.250931,14641
mstlo-rust,phi_lo,499,2544.256105,14641
mstlo-rust,phi_lo,500,2547.263245,14641
mstlo-rust,phi_lo,501,2550.266607,14641
mstlo-rust,phi_lo,502,2553.269929,14641
mstlo-rust,phi_lo,503,2556.270626,14641
mstlo-rust,phi_lo,504,2559.272480,14641
mstlo-rust,phi_lo,505,2562.279440,14641
mstlo-rust,phi_lo,506,2565.278174,14641
mstlo-rust,phi_lo,507,2568.284798,14641
mstlo-rust,phi_lo,508,2571.288624,14641
mstlo-rust,phi_lo,509,2574.288624,14641
mstlo-rust,phi_lo,510,2577.296678,14641
mstlo-rust,phi_lo,511,2580.295067,14641
mstlo-rust,phi_lo,512,2583.303603,14641
mstlo-rust,phi_lo,513,2586.306337,14641
mstlo-rust,phi_lo,514,2589.306576,14641
mstlo-rust,phi_lo,515,2592.312016,14641
mstlo-rust,phi_lo,516,2595.312214,14641
mstlo-rust,phi_lo,517,2598.318291,14641
mstlo-rust,phi_lo,518,2601.318539,14641
mstlo-rust,phi_lo,519,2604.326148,14641
mstlo-rust,phi_lo,520,2607.329310,14641
mstlo-rust,phi_lo,521,2610.332505,14641
mstlo-rust,phi_lo,522,2613.333366,14641
mstlo-rust,phi_lo,523,2616.336499,14641
mstlo-rust,phi_lo,524,2619.341308,14641
mstlo-rust,phi_lo,525,2622.349085,14641
mstlo-rust,phi_lo,526,2625.351332,14641
mstlo-rust,phi_lo,527,2628.359031,14641
mstlo-rust,phi_lo,528,2631.363164,14641
mstlo-rust,phi_lo,529,2634.364862,14641
mstlo-rust,phi_lo,530,2637.361975,14641
mstlo-rust,phi_lo,531,2640.367749,14641
mstlo-rust,phi_lo,532,2643.368227,14641
mstlo-rust,phi_lo,533,2646.374084,14641
mstlo-rust,phi_lo,534,2649.378061,14641
mstlo-rust,phi_lo,535,2652.378592,14641
mstlo-rust,phi_lo,536,2655.379981,14641
mstlo-rust,phi_lo,537,2658.384391,14641
mstlo-rust,phi_lo,538,2661.386856,14641
mstlo-rust,phi_lo,539,2664.423761,14641
mstlo-rust,phi_lo,540,2667.389560,14641
mstlo-rust,phi_lo,541,2670.397911,14641
mstlo-rust,phi_lo,542,2673.399537,14641
mstlo-rust,phi_lo,543,2676.403037,14641
mstlo-rust,phi_lo,544,2679.408683,14641
mstlo-rust,phi_lo,545,2682.409048,14641
mstlo-rust,phi_lo,546,2685.410459,14641
mstlo-rust,phi_lo,547,2688.414546,14641
mstlo-rust,phi_lo,548,2691.418171,14641
mstlo-rust,phi_lo,549,2694.424128,14641
mstlo-rust,phi_lo,550,2697.425838,14641
mstlo-rust,phi_lo,551,2700.431170,14641
mstlo-rust,phi_lo,552,2703.435683,14641
mstlo-rust,phi_lo,553,2706.442902,14641
mstlo-rust,phi_lo,554,2709.440057,14641
mstlo-rust,phi_lo,555,2712.445673,14641
mstlo-rust,phi_lo,556,2715.445295,14641
mstlo-rust,phi_lo,557,2718.448208,14641
mstlo-rust,phi_lo,558,2721.450045,14641
mstlo-rust,phi_lo,559,2724.455290,14641
mstlo-rust,phi_lo,560,2727.455551,14641
mstlo-rust,phi_lo,561,2730.460078,14641
mstlo-rust,phi_lo,562,2733.465155,14641
mstlo-rust,phi_lo,563,2736.471800,14641
mstlo-rust,phi_lo,564,2739.472221,14641
mstlo-rust,phi_lo,565,2742.476782,14641
mstlo-rust,phi_lo,566,2745.481317,14641
mstlo-rust,phi_lo,567,2748.487679,14641
mstlo-rust,phi_lo,568,2751.488851,14641
mstlo-rust,phi_lo,569,2754.494874,14641
mstlo-rust,phi_lo,570,2757.505738,14641
mstlo-rust,phi_lo,571,2760.508292,14641
mstlo-rust,phi_lo,572,2763.511755,14641
mstlo-rust,phi_lo,573,2766.515670,14641
mstlo-rust,phi_lo,574,2769.521592,14641
mstlo-rust,phi_lo,575,2772.523019,14641
mstlo-rust,phi_lo,576,2775.530074,14641
mstlo-rust,phi_lo,577,2778.530934,14641
mstlo-rust,phi_lo,578,2781.533431,14641
mstlo-rust,phi_lo,579,2784.538101,14641
mstlo-rust,phi_lo,580,2787.542867,14641
mstlo-rust,phi_lo,581,2790.542893,14641
mstlo-rust,phi_lo,582,2793.545669,14641
mstlo-rust,phi_lo,583,2796.549881,14641
mstlo-rust,phi_lo,584,2799.554951,14641
mstlo-rust,phi_lo,585,2802.562043,14641
mstlo-rust,phi_lo,586,2805.567264,14641
mstlo-rust,phi_lo,587,2808.572907,14641
mstlo-rust,phi_lo,588,2811.572826,14641
mstlo-rust,phi_lo,589,2814.578085,14641
mstlo-rust,phi_lo,590,2817.582789,14641
mstlo-rust,phi_lo,591,2820.587149,14641
mstlo-rust,phi_lo,592,2823.588790,14641
mstlo-rust,phi_lo,593,2826.590176,14641
mstlo-rust,phi_lo,594,2829.595650,14641
mstlo-rust,phi_lo,595,2832.599799,14641
mstlo-rust,phi_lo,596,2835.600687,14641
mstlo-rust,phi_lo,597,2838.601657,14641
mstlo-rust,phi_lo,598,2841.602503,14641
mstlo-rust,phi_lo,599,2844.609731,14641
mstlo-rust,phi_lo,600,2847.609972,14641
mstlo-rust,phi_lo,601,2850.616955,14641
mstlo-rust,phi_lo,602,2853.619948,14641
mstlo-rust,phi_lo,603,2856.627437,14641
mstlo-rust,phi_lo,604,2859.632407,14641
mstlo-rust,phi_lo,605,2862.634292,14641
mstlo-rust,phi_lo,606,2865.635713,14641
mstlo-rust,phi_lo,607,2868.636104,14641
mstlo-rust,phi_lo,608,2871.639805,14641
mstlo-rust,phi_lo,609,2874.643635,14641
mstlo-rust,phi_lo,610,2877.645582,14641
mstlo-rust,phi_lo,611,2880.650591,14641
mstlo-rust,phi_lo,612,2883.656146,14641
mstlo-rust,phi_lo,613,2886.657643,14641
mstlo-rust,phi_lo,614,2889.665650,14641
mstlo-rust,phi_lo,615,2892.662465,14641
mstlo-rust,phi_lo,616,2895.671671,14641
mstlo-rust,phi_lo,617,2898.674704,14641
mstlo-rust,phi_lo,618,2901.673626,14641
mstlo-rust,phi_lo,619,2904.680965,14641
mstlo-rust,phi_lo,620,2907.680657,14641
mstlo-rust,phi_lo,621,2910.682634,14641
mstlo-rust,phi_lo,622,2913.687488,14641
mstlo-rust,phi_lo,623,2916.692718,14641
mstlo-rust,phi_lo,624,2919.696872,14641
mstlo-rust,phi_lo,625,2922.698518,14641
mstlo-rust,phi_lo,626,2925.697743,14641
mstlo-rust,phi_lo,627,2928.706837,14641
mstlo-rust,phi_lo,628,2931.708706,14641
mstlo-rust,phi_lo,629,2934.712454,14641
mstlo-rust,phi_lo,630,2937.713739,14641
mstlo-rust,phi_lo,631,2940.722371,14641
mstlo-rust,phi_lo,632,2943.719953,14641
mstlo-rust,phi_lo,633,2946.727235,14641
mstlo-rust,phi_lo,634,2949.731030,14641
mstlo-rust,phi_lo,635,2952.736626,14641
mstlo-rust,phi_lo,636,2955.741411,14641
mstlo-rust,phi_lo,637,2958.747634,14641
mstlo-rust,phi_lo,638,2961.752448,14641
mstlo-rust,phi_lo,639,2964.756771,14641
mstlo-rust,phi_lo,640,2967.758264,14641
mstlo-rust,phi_lo,641,2970.762936,14641
mstlo-rust,phi_lo,642,2973.767878,14641
mstlo-rust,phi_lo,643,2976.771221,14641
mstlo-rust,phi_lo,644,2979.774124,14641
mstlo-rust,phi_lo,645,2982.775157,14641
mstlo-rust,phi_lo,646,2985.781721,14641
mstlo-rust,phi_lo,647,2988.780240,14641
mstlo-rust,phi_lo,648,2991.788889,14641
mstlo-rust,phi_lo,649,2994.792150,14641
mstlo-rust,phi_lo,650,2997.794554,14641
mstlo-rust,phi_lo,651,3000.793089,14641
mstlo-rust,phi_lo,652,3003.795902,14641
mstlo-rust,phi_lo,653,3006.797639,14641
mstlo-rust,phi_lo,654,3009.800817,14641
mstlo-rust,phi_lo,655,3012.804790,14641
mstlo-rust,phi_lo,656,3015.807138,14641
mstlo-rust,phi_lo,657,3018.805325,14641
mstlo-rust,phi_lo,658,3021.812789,14641
mstlo-rust,phi_lo,659,3024.816753,14641
mstlo-rust,phi_lo,660,3027.820979,14641
mstlo-rust,phi_lo,661,3030.823228,14641
mstlo-rust,phi_lo,662,3033.826729,14641
mstlo-rust,phi_lo,663,3036.829630,14641
mstlo-rust,phi_lo,664,3039.831351,14641
mstlo-rust,phi_lo,665,3042.837841,14641
mstlo-rust,phi_lo,666,3045.841690,14641
mstlo-rust,phi_lo,667,3048.847678,14641
mstlo-rust,phi_lo,668,3051.846704,14641
mstlo-rust,phi_lo,669,3054.848763,14641
mstlo-rust,phi_lo,670,3057.854449,14641
mstlo-rust,phi_lo,671,3060.859601,14641
mstlo-rust,phi_lo,672,3063.858481,14641
mstlo-rust,phi_lo,673,3066.860748,14641
mstlo-rust,phi_lo,674,3069.860008,14641
mstlo-rust,phi_lo,675,3072.862620,14641
mstlo-rust,phi_lo,676,3075.866471,14641
mstlo-rust,phi_lo,677,3078.883227,14641
mstlo-rust,phi_lo,678,3081.874359,14641
mstlo-rust,phi_lo,679,3084.880657,14641
mstlo-rust,phi_lo,680,3087.887720,14641
mstlo-rust,phi_lo,681,3090.888070,14641
mstlo-rust,phi_lo,682,3093.888464,14641
mstlo-rust,phi_lo,683,3096.896827,14641
mstlo-rust,phi_lo,684,3099.898374,14641
mstlo-rust,phi_lo,685,3102.901753,14641
mstlo-rust,phi_lo,686,3105.904483,14641
mstlo-rust,phi_lo,687,3108.910315,14641
mstlo-rust,phi_lo,688,3111.925265,14641
mstlo-rust,phi_lo,689,3114.932167,14641
mstlo-rust,phi_lo,690,3117.935677,14641
mstlo-rust,phi_lo,691,3120.937294,14641
mstlo-rust,phi_lo,692,3123.939824,14641
mstlo-rust,phi_lo,693,3126.945622,14641
mstlo-rust,phi_lo,694,3129.948708,14641
mstlo-rust,phi_lo,695,3133.005403,14641
mstlo-rust,phi_lo,696,3136.007711,14641
mstlo-rust,phi_lo,697,3139.014256,14641
mstlo-rust,phi_lo,698,3142.019487,14641
mstlo-rust,phi_lo,699,3145.022538,14641
mstlo-rust,phi_lo,700,3148.019613,14641
mstlo-rust,phi_lo,701,3151.028102,14641
mstlo-rust,phi_lo,702,3154.031569,14641
mstlo-rust,phi_lo,703,3157.036533,14641
mstlo-rust,phi_lo,704,3160.042514,14641
mstlo-rust,phi_lo,705,3163.047568,14641
mstlo-rust,phi_lo,706,3166.050048,14641
mstlo-rust,phi_lo,707,3169.053288,14641
mstlo-rust,phi_lo,708,3172.054408,14641
mstlo-rust,phi_lo,709,3175.054562,14641
mstlo-rust,phi_lo,710,3178.057831,14641
mstlo-rust,phi_lo,711,3181.059914,14641
mstlo-rust,phi_lo,712,3184.059786,14641
mstlo-rust,phi_lo,713,3187.069544,14641
mstlo-rust,phi_lo,714,3190.070981,14641
mstlo-rust,phi_lo,715,3193.076239,14641
mstlo-rust,phi_lo,716,3196.079917,14641
mstlo-rust,phi_lo,717,3199.076647,14641
mstlo-rust,phi_lo,718,3202.084670,14641
mstlo-rust,phi_lo,719,3205.082980,14641
mstlo-rust,phi_lo,720,3208.085448,14641
mstlo-rust,phi_lo,721,3211.091009,14641
mstlo-rust,phi_lo,722,3214.098842,14641
mstlo-rust,phi_lo,723,3217.101591,14641
mstlo-rust,phi_lo,724,3220.100870,14641
mstlo-rust,phi_lo,725,3223.106990,14641
mstlo-rust,phi_lo,726,3226.105759,14641
mstlo-rust,phi_lo,727,3229.114518,14641
mstlo-rust,phi_lo,728,3232.118581,14641
mstlo-rust,phi_lo,729,3235.120152,14641
mstlo-rust,phi_lo,730,3238.122431,14641
mstlo-rust,phi_lo,731,3241.127563,14641
mstlo-rust,phi_lo,732,3244.129317,14641
mstlo-rust,phi_lo,733,3247.132094,14641
mstlo-rust,phi_lo,734,3250.135443,14641
mstlo-rust,phi_lo,735,3253.141120,14641
mstlo-rust,phi_lo,736,3256.144930,14641
mstlo-rust,phi_lo,737,3259.151136,14641
mstlo-rust,phi_lo,738,3262.155831,14641
mstlo-rust,phi_lo,739,3265.154645,14641
mstlo-rust,phi_lo,740,3268.159434,14641
mstlo-rust,phi_lo,741,3271.161044,14641
mstlo-rust,phi_lo,742,3274.165331,14641
mstlo-rust,phi_lo,743,3277.169950,14641
mstlo-rust,phi_lo,744,3280.175512,14641
mstlo-rust,phi_lo,745,3283.176678,14641
mstlo-rust,phi_lo,746,3286.178175,14641
mstlo-rust,phi_lo,747,3289.184738,14641
mstlo-rust,phi_lo,748,3292.184042,14641
mstlo-rust,phi_lo,749,3295.186061,14641
mstlo-rust,phi_lo,750,3298.189089,14641
mstlo-rust,phi_lo,751,3301.193620,14641
mstlo-rust,phi_lo,752,3304.198888,14641
mstlo-rust,phi_lo,753,3307.203214,14641
mstlo-rust,phi_lo,754,3310.205462,14641
mstlo-rust,phi_lo,755,3313.208131,14641
mstlo-rust,phi_lo,756,3316.207927,14641
mstlo-rust,phi_lo,757,3319.208757,14641
mstlo-rust,phi_lo,758,3322.211199,14641
mstlo-rust,phi_lo,759,3325.217627,14641
mstlo-rust,phi_lo,760,3328.222000,14641
mstlo-rust,phi_lo,761,3331.227241,14641
mstlo-rust,phi_lo,762,3334.231305,14641
mstlo-rust,phi_lo,763,3337.231360,14641
mstlo-rust,phi_lo,764,3340.235680,14641
mstlo-rust,phi_lo,765,3343.237927,14641
mstlo-rust,phi_lo,766,3346.240862,14641
mstlo-rust,phi_lo,767,3349.246863,14641
mstlo-rust,phi_lo,768,3352.255103,14641
mstlo-rust,phi_lo,769,3355.259534,14641
mstlo-rust,phi_lo,770,3358.258638,14641
mstlo-rust,phi_lo,771,3361.260032,14641
mstlo-rust,phi_lo,772,3364.267031,14641
mstlo-rust,phi_lo,773,3367.268078,14641
mstlo-rust,phi_lo,774,3370.271885,14641
mstlo-rust,phi_lo,775,3373.271814,14641
mstlo-rust,phi_lo,776,3376.278823,14641
mstlo-rust,phi_lo,777,3379.285013,14641
mstlo-rust,phi_lo,778,3382.289248,14641
mstlo-rust,phi_lo,779,3385.294163,14641
mstlo-rust,phi_lo,780,3388.294040,14641
mstlo-rust,phi_lo,781,3391.293192,14641
mstlo-rust,phi_lo,782,3394.299777,14641
mstlo-rust,phi_lo,783,3397.307079,14641
mstlo-rust,phi_lo,784,3400.310969,14641
mstlo-rust,phi_lo,785,3403.309847,14641
mstlo-rust,phi_lo,786,3406.311627,14641
mstlo-rust,phi_lo,787,3409.313969,14641
mstlo-rust,phi_lo,788,3412.318681,14641
mstlo-rust,phi_lo,789,3415.322971,14641
mstlo-rust,phi_lo,790,3418.324586,14641
mstlo-rust,phi_lo,791,3421.329922,14641
mstlo-rust,phi_lo,792,3424.335461,14641
mstlo-rust,phi_lo,793,3427.336924,14641
mstlo-rust,phi_lo,794,3430.341486,14641
mstlo-rust,phi_lo,795,3433.345614,14641
mstlo-rust,phi_lo,796,3436.348446,14641
mstlo-rust,phi_lo,797,3439.350215,14641
mstlo-rust,phi_lo,798,3442.355837,14641
mstlo-rust,phi_lo,799,3445.359896,14641
mstlo-rust,phi_lo,800,3448.362736,14641
mstlo-rust,phi_lo,801,3451.365694,14641
mstlo-rust,phi_lo,802,3454.369110,14641
mstlo-rust,phi_lo,803,3457.370857,14641
mstlo-rust,phi_lo,804,3460.372927,14641
mstlo-rust,phi_lo,805,3463.375496,14641
mstlo-rust,phi_lo,806,3466.379951,14641
mstlo-rust,phi_lo,807,3469.382942,14641
mstlo-rust,phi_lo,808,3472.388896,14641
mstlo-rust,phi_lo,809,3475.387927,14641
mstlo-rust,phi_lo,810,3478.390540,14641
mstlo-rust,phi_lo,811,3481.392754,14641
mstlo-rust,phi_lo,812,3484.398845,14641
mstlo-rust,phi_lo,813,3487.404031,14641
mstlo-rust,phi_lo,814,3490.406107,14641
mstlo-rust,phi_lo,815,3493.410370,14641
mstlo-rust,phi_lo,816,3496.416580,14641
mstlo-rust,phi_lo,817,3499.422230,14641
mstlo-rust,phi_lo,818,3502.420714,14641
mstlo-rust,phi_lo,819,3505.427231,14641
mstlo-rust,phi_lo,820,3508.430588,14641
mstlo-rust,phi_lo,821,3511.434024,14641
mstlo-rust,phi_lo,822,3514.441144,14641
mstlo-rust,phi_lo,823,3517.441446,14641
mstlo-rust,phi_lo,824,3520.445992,14641
mstlo-rust,phi_lo,825,3523.451242,14641
mstlo-rust,phi_lo,826,3526.455562,14641
mstlo-rust,phi_lo,827,3529.460995,14641
mstlo-rust,phi_lo,828,3532.464449,14641
mstlo-rust,phi_lo,829,3535.467876,14641
mstlo-rust,phi_lo,830,3538.465668,14641
mstlo-rust,phi_lo,831,3541.467620,14641
mstlo-rust,phi_lo,832,3544.471184,14641
mstlo-rust,phi_lo,833,3547.478246,14641
mstlo-rust,phi_lo,834,3550.481070,14641
mstlo-rust,phi_lo,835,3553.482877,14641
mstlo-rust,phi_lo,836,3556.486041,14641
mstlo-rust,phi_lo,837,3559.489677,14641
mstlo-rust,phi_lo,838,3562.495939,14641
mstlo-rust,phi_lo,839,3565.492861,14641
mstlo-rust,phi_lo,840,3568.498665,14641
mstlo-rust,phi_lo,841,3571.501453,14641
mstlo-rust,phi_lo,842,3574.505664,14641
mstlo-rust,phi_lo,843,3577.514525,14641
mstlo-rust,phi_lo,844,3580.515819,14641
mstlo-rust,phi_lo,845,3583.520326,14641
mstlo-rust,phi_lo,846,3586.523076,14641
mstlo-rust,phi_lo,847,3589.526127,14641
mstlo-rust,phi_lo,848,3592.527755,14641
mstlo-rust,phi_lo,849,3595.532212,14641
mstlo-rust,phi_lo,850,3598.534767,14641
mstlo-rust,phi_lo,851,3601.535778,14641
mstlo-rust,phi_lo,852,3604.536014,14641
mstlo-rust,phi_lo,853,3607.542907,14641
mstlo-rust,phi_lo,854,3610.544418,14641
mstlo-rust,phi_lo,855,3613.549855,14641
mstlo-rust,phi_lo,856,3616.557770,14641
mstlo-rust,phi_lo,857,3619.555469,14641
mstlo-rust,phi_lo,858,3622.564667,14641
mstlo-rust,phi_lo,859,3625.567093,14641
mstlo-rust,phi_lo,860,3628.567671,14641
mstlo-rust,phi_lo,861,3631.571413,14641
mstlo-rust,phi_lo,862,3634.570743,14641
mstlo-rust,phi_lo,863,3637.574507,14641
mstlo-rust,phi_lo,864,3640.578691,14641
mstlo-rust,phi_lo,865,3643.587159,14641
mstlo-rust,phi_lo,866,3646.587442,14641
mstlo-rust,phi_lo,867,3649.591411,14641
mstlo-rust,phi_lo,868,3652.593944,14641
mstlo-rust,phi_lo,869,3655.598460,14641
mstlo-rust,phi_lo,870,3658.599663,14641
mstlo-rust,phi_lo,871,3661.606935,14641
mstlo-rust,phi_lo,872,3664.611720,14641
mstlo-rust,phi_lo,873,3667.615744,14641
mstlo-rust,phi_lo,874,3670.620585,14641
mstlo-rust,phi_lo,875,3673.619781,14641
mstlo-rust,phi_lo,876,3676.625756,14641
mstlo-rust,phi_lo,877,3679.630801,14641
mstlo-rust,phi_lo,878,3682.634190,14641
mstlo-rust,phi_lo,879,3685.633823,14641
mstlo-rust,phi_lo,880,3688.639823,14641
mstlo-rust,phi_lo,881,3691.642376,14641
mstlo-rust,phi_lo,882,3694.648784,14641
mstlo-rust,phi_lo,883,3697.649384,14641
mstlo-rust,phi_lo,884,3700.651101,14641
mstlo-rust,phi_lo,885,3703.652654,14641
mstlo-rust,phi_lo,886,3706.657508,14641
mstlo-rust,phi_lo,887,3709.660003,14641
mstlo-rust,phi_lo,888,3712.664592,14641
mstlo-rust,phi_lo,889,3715.661769,14641
mstlo-rust,phi_lo,890,3718.671321,14641
mstlo-rust,phi_lo,891,3721.672708,14641
mstlo-rust,phi_lo,892,3724.674082,14641
mstlo-rust,phi_lo,893,3727.673367,14641
mstlo-rust,phi_lo,894,3730.677347,14641
mstlo-rust,phi_lo,895,3733.684756,14641
mstlo-rust,phi_lo,896,3736.687435,14641
mstlo-rust,phi_lo,897,3739.688102,14641
mstlo-rust,phi_lo,898,3742.690548,14641
mstlo-rust,phi_lo,899,3745.695703,14641
mstlo-rust,phi_lo,900,3748.700156,14641
mstlo-rust,phi_lo,901,3751.702323,14641
mstlo-rust,phi_lo,902,3754.708402,14641
mstlo-rust,phi_lo,903,3757.713412,14641
mstlo-rust,phi_lo,904,3760.718712,14641
mstlo-rust,phi_lo,905,3763.717862,14641
mstlo-rust,phi_lo,906,3766.719840,14641
mstlo-rust,phi_lo,907,3769.720541,14641
mstlo-rust,phi_lo,908,3772.724728,14641
mstlo-rust,phi_lo,909,3775.723963,14641
mstlo-rust,phi_lo,910,3778.728923,14641
mstlo-rust,phi_lo,911,3781.728202,14641
mstlo-rust,phi_lo,912,3784.735111,14641
mstlo-rust,phi_lo,913,3787.734756,14641
mstlo-rust,phi_lo,914,3790.739306,14641
mstlo-rust,phi_lo,915,3793.743814,14641
mstlo-rust,phi_lo,916,3796.744146,14641
mstlo-rust,phi_lo,917,3799.745396,14641
mstlo-rust,phi_lo,918,3802.753052,14641
mstlo-rust,phi_lo,919,3805.752570,14641
mstlo-rust,phi_lo,920,3808.754273,14641
mstlo-rust,phi_lo,921,3811.761597,14641
mstlo-rust,phi_lo,922,3814.766009,14641
mstlo-rust,phi_lo,923,3817.767696,14641
mstlo-rust,phi_lo,924,3820.768949,14641
mstlo-rust,phi_lo,925,3823.773864,14641
mstlo-rust,phi_lo,926,3826.781337,14641
mstlo-rust,phi_lo,927,3829.782403,14641
mstlo-rust,phi_lo,928,3832.782097,14641
mstlo-rust,phi_lo,929,3835.783297,14641
mstlo-rust,phi_lo,930,3838.783221,14641
mstlo-rust,phi_lo,931,3841.789828,14641
mstlo-rust,phi_lo,932,3844.791440,14641
mstlo-rust,phi_lo,933,3847.796947,14641
mstlo-rust,phi_lo,934,3850.798118,14641
mstlo-rust,phi_lo,935,3853.799452,14641
mstlo-rust,phi_lo,936,3856.806861,14641
mstlo-rust,phi_lo,937,3859.805216,14641
mstlo-rust,phi_lo,938,3862.808631,14641
mstlo-rust,phi_lo,939,3865.812321,14641
mstlo-rust,phi_lo,940,3868.822893,14641
mstlo-rust,phi_lo,941,3871.827068,14641
mstlo-rust,phi_lo,942,3874.827012,14641
mstlo-rust,phi_lo,943,3877.830510,14641
mstlo-rust,phi_lo,944,3880.838445,14641
mstlo-rust,phi_lo,945,3883.838514,14641
mstlo-rust,phi_lo,946,3886.843449,14641
mstlo-rust,phi_lo,947,3889.846779,14641
mstlo-rust,phi_lo,948,3892.859405,14641
mstlo-rust,phi_lo,949,3895.860242,14641
mstlo-rust,phi_lo,950,3898.863311,14641
mstlo-rust,phi_lo,951,3901.867195,14641
mstlo-rust,phi_lo,952,3904.867998,14641
mstlo-rust,phi_lo,953,3907.871752,14641
mstlo-rust,phi_lo,954,3910.880823,14641
mstlo-rust,phi_lo,955,3913.885561,14641
mstlo-rust,phi_lo,956,3916.888846,14641
mstlo-rust,phi_lo,957,3919.891531,14641
mstlo-rust,phi_lo,958,3922.895279,14641
mstlo-rust,phi_lo,959,3925.896991,14641
mstlo-rust,phi_lo,960,3928.903361,14641
mstlo-rust,phi_lo,961,3931.906690,14641
mstlo-rust,phi_lo,962,3934.902042,14641
mstlo-rust,phi_lo,963,3937.913489,14641
mstlo-rust,phi_lo,964,3940.913157,14641
mstlo-rust,phi_lo,965,3943.915240,14641
mstlo-rust,phi_lo,966,3946.917296,14641
mstlo-rust,phi_lo,967,3949.924775,14641
mstlo-rust,phi_lo,968,3952.928953,14641
mstlo-rust,phi_lo,969,3955.932737,14641
mstlo-rust,phi_lo,970,3958.933460,14641
mstlo-rust,phi_lo,971,3961.937291,14641
mstlo-rust,phi_lo,972,3964.946071,14641
mstlo-rust,phi_lo,973,3967.944775,14641
mstlo-rust,phi_lo,974,3970.944781,14641
mstlo-rust,phi_lo,975,3973.947600,14641
mstlo-rust,phi_lo,976,3976.951757,14641
mstlo-rust,phi_lo,977,3979.957988,14641
mstlo-rust,phi_lo,978,3982.962677,14641
mstlo-rust,phi_lo,979,3985.962270,14641
mstlo-rust,phi_lo,980,3988.966244,14641
mstlo-rust,phi_lo,981,3991.964551,14641
mstlo-rust,phi_lo,982,3994.972281,14641
mstlo-rust,phi_lo,983,3997.971092,14641
mstlo-rust,phi_lo,984,4000.977171,14641
mstlo-rust,phi_lo,985,4003.978838,14641
mstlo-rust,phi_lo,986,4006.979847,14641
mstlo-rust,phi_lo,987,4009.988978,14641
mstlo-rust,phi_lo,988,4012.992000,14641
