formula_id,spec,semantics,algorithm,mode,n_samples,m_runs,avg_total_s,avg_per_sample_s,avg_per_sample_us,temporal_depth
1,(x < 0.5) and (x > -0.5),DelayedQuantitative,Incremental,online,20000,50,0.004508417520005423,2.2542087600027115e-07,0.22542087600027114,0.0
2,"G[0,1000] (x > 0.5 -> F[0,100] (x < 0.0))",DelayedQuantitative,Incremental,online,20000,50,0.010331253380002181,5.16562669000109e-07,0.516562669000109,1100.0
3,"(G[0,100] (x < 0.5)) or (G[100,150] (x > 0.0))",DelayedQuantitative,Incremental,online,20000,50,0.00964643742000817,4.823218710004084e-07,0.4823218710004084,150.0
4,"(x < 0.0) U[0,1.0] (x > 0.0)",DelayedQuantitative,Incremental,online,20000,50,0.007025255039991407,3.5126275199957036e-07,0.35126275199957036,1.0
4,"(x < 0.0) U[0,100.0] (x > 0.0)",DelayedQuantitative,Incremental,online,20000,50,0.023762069960002918,1.1881034980001458e-06,1.1881034980001457,100.0
4,"(x < 0.0) U[0,200.0] (x > 0.0)",DelayedQuantitative,Incremental,online,20000,50,0.034963129139996454,1.7481564569998227e-06,1.7481564569998227,200.0
4,"(x < 0.0) U[0,300.0] (x > 0.0)",DelayedQuantitative,Incremental,online,20000,50,0.04541885917999253,2.2709429589996263e-06,2.270942958999626,300.0
4,"(x < 0.0) U[0,400.0] (x > 0.0)",DelayedQuantitative,Incremental,online,20000,50,0.05496130416000142,2.7480652080000707e-06,2.748065208000071,400.0
4,"(x < 0.0) U[0,500.0] (x > 0.0)",DelayedQuantitative,Incremental,online,20000,50,0.06367498259999821,3.1837491299999105e-06,3.1837491299999106,500.0
4,"(x < 0.0) U[0,600.0] (x > 0.0)",DelayedQuantitative,Incremental,online,20000,50,0.07557203165999454,3.7786015829997273e-06,3.7786015829997273,600.0
4,"(x < 0.0) U[0,700.0] (x > 0.0)",DelayedQuantitative,Incremental,online,20000,50,0.08632827827999336,4.316413913999668e-06,4.316413913999668,700.0
4,"(x < 0.0) U[0,800.0] (x > 0.0)",DelayedQuantitative,Incremental,online,20000,50,0.09621498749999546,4.8107493749997734e-06,4.810749374999774,800.0
4,"(x < 0.0) U[0,900.0] (x > 0.0)",DelayedQuantitative,Incremental,online,20000,50,0.10364633425998818,5.182316712999409e-06,5.182316712999409,900.0
4,"(x < 0.0) U[0,1000.0] (x > 0.0)",DelayedQuantitative,Incremental,online,20000,50,0.11573096180000447,5.786548090000224e-06,5.786548090000224,1000.0
4,"(x < 0.0) U[0,1100.0] (x > 0.0)",DelayedQuantitative,Incremental,online,20000,50,0.12485404330000392,6.242702165000196e-06,6.242702165000196,1100.0
4,"(x < 0.0) U[0,1200.0] (x > 0.0)",DelayedQuantitative,Incremental,online,20000,50,0.14007558332000372,7.003779166000186e-06,7.003779166000186,1200.0
4,"(x < 0.0) U[0,1300.0] (x > 0.0)",DelayedQuantitative,Incremental,online,20000,50,0.15105264585999068,7.552632292999534e-06,7.552632292999534,1300.0
4,"(x < 0.0) U[0,1400.0] (x > 0.0)",DelayedQuantitative,Incremental,online,20000,50,0.16228578927999252,8.114289463999625e-06,8.114289463999626,1400.0
4,"(x < 0.0) U[0,1500.0] (x > 0.0)",DelayedQuantitative,Incremental,online,20000,50,0.16826881743999592,8.413440871999797e-06,8.413440871999796,1500.0
4,"(x < 0.0) U[0,1600.0] (x > 0.0)",DelayedQuantitative,Incremental,online,20000,50,0.18070528338000486,9.035264169000244e-06,9.035264169000243,1600.0
4,"(x < 0.0) U[0,1700.0] (x > 0.0)",DelayedQuantitative,Incremental,online,20000,50,0.18477360248000876,9.238680124000438e-06,9.238680124000439,1700.0
4,"(x < 0.0) U[0,1800.0] (x > 0.0)",DelayedQuantitative,Incremental,online,20000,50,0.19723968079999168,9.861984039999584e-06,9.861984039999584,1800.0
4,"(x < 0.0) U[0,1900.0] (x > 0.0)",DelayedQuantitative,Incremental,online,20000,50,0.20313861500000485,1.0156930750000242e-05,10.156930750000242,1900.0
4,"(x < 0.0) U[0,2000.0] (x > 0.0)",DelayedQuantitative,Incremental,online,20000,50,0.21495467255999756,1.0747733627999879e-05,10.747733627999878,2000.0
4,"(x < 0.0) U[0,2100.0] (x > 0.0)",DelayedQuantitative,Incremental,online,20000,50,0.22087779834000684,1.1043889917000341e-05,11.04388991700034,2100.0
4,"(x < 0.0) U[0,2200.0] (x > 0.0)",DelayedQuantitative,Incremental,online,20000,50,0.23178846332001057,1.1589423166000528e-05,11.589423166000529,2200.0
4,"(x < 0.0) U[0,2300.0] (x > 0.0)",DelayedQuantitative,Incremental,online,20000,50,0.2385285474600005,1.1926427373000024e-05,11.926427373000024,2300.0
4,"(x < 0.0) U[0,2400.0] (x > 0.0)",DelayedQuantitative,Incremental,online,20000,50,0.2505026266799996,1.2525131333999981e-05,12.525131333999981,2400.0
4,"(x < 0.0) U[0,2500.0] (x > 0.0)",DelayedQuantitative,Incremental,online,20000,50,0.25749760914000264,1.2874880457000131e-05,12.874880457000131,2500.0
4,"(x < 0.0) U[0,2600.0] (x > 0.0)",DelayedQuantitative,Incremental,online,20000,50,0.26501136575999906,1.3250568287999953e-05,13.250568287999952,2600.0
4,"(x < 0.0) U[0,2700.0] (x > 0.0)",DelayedQuantitative,Incremental,online,20000,50,0.2732030758599944,1.3660153792999721e-05,13.66015379299972,2700.0
4,"(x < 0.0) U[0,2800.0] (x > 0.0)",DelayedQuantitative,Incremental,online,20000,50,0.2806644066199897,1.4033220330999486e-05,14.033220330999486,2800.0
4,"(x < 0.0) U[0,2900.0] (x > 0.0)",DelayedQuantitative,Incremental,online,20000,50,0.2877016225599982,1.4385081127999911e-05,14.38508112799991,2900.0
4,"(x < 0.0) U[0,3000.0] (x > 0.0)",DelayedQuantitative,Incremental,online,20000,50,0.29598794334000106,1.4799397167000053e-05,14.799397167000054,3000.0
4,"(x < 0.0) U[0,3100.0] (x > 0.0)",DelayedQuantitative,Incremental,online,20000,50,0.3041866857799937,1.5209334288999684e-05,15.209334288999685,3100.0
4,"(x < 0.0) U[0,3200.0] (x > 0.0)",DelayedQuantitative,Incremental,online,20000,50,0.3114108400199916,1.5570542000999578e-05,15.570542000999577,3200.0
4,"(x < 0.0) U[0,3300.0] (x > 0.0)",DelayedQuantitative,Incremental,online,20000,50,0.31936515494000334,1.5968257747000165e-05,15.968257747000166,3300.0
4,"(x < 0.0) U[0,3400.0] (x > 0.0)",DelayedQuantitative,Incremental,online,20000,50,0.32788333588001023,1.6394166794000513e-05,16.394166794000512,3400.0
4,"(x < 0.0) U[0,3500.0] (x > 0.0)",DelayedQuantitative,Incremental,online,20000,50,0.3328262816999995,1.6641314084999974e-05,16.641314084999973,3500.0
4,"(x < 0.0) U[0,3600.0] (x > 0.0)",DelayedQuantitative,Incremental,online,20000,50,0.3418801532800103,1.7094007664000517e-05,17.094007664000518,3600.0
4,"(x < 0.0) U[0,3700.0] (x > 0.0)",DelayedQuantitative,Incremental,online,20000,50,0.34665781580001065,1.7332890790000532e-05,17.332890790000533,3700.0
4,"(x < 0.0) U[0,3800.0] (x > 0.0)",DelayedQuantitative,Incremental,online,20000,50,0.35477556511998953,1.7738778255999476e-05,17.738778255999478,3800.0
4,"(x < 0.0) U[0,3900.0] (x > 0.0)",DelayedQuantitative,Incremental,online,20000,50,0.3603534241000079,1.8017671205000397e-05,18.017671205000397,3900.0
4,"(x < 0.0) U[0,4000.0] (x > 0.0)",DelayedQuantitative,Incremental,online,20000,50,0.37156378583999866,1.8578189291999932e-05,18.578189291999934,4000.0
4,"(x < 0.0) U[0,4100.0] (x > 0.0)",DelayedQuantitative,Incremental,online,20000,50,0.39967630674002064,1.998381533700103e-05,19.98381533700103,4100.0
4,"(x < 0.0) U[0,4200.0] (x > 0.0)",DelayedQuantitative,Incremental,online,20000,50,0.41381126089999726,2.0690563044999862e-05,20.690563044999863,4200.0
4,"(x < 0.0) U[0,4300.0] (x > 0.0)",DelayedQuantitative,Incremental,online,20000,50,0.44872936323998147,2.2436468161999073e-05,22.436468161999073,4300.0
4,"(x < 0.0) U[0,4400.0] (x > 0.0)",DelayedQuantitative,Incremental,online,20000,50,0.4805332492000116,2.4026662460000582e-05,24.026662460000583,4400.0
4,"(x < 0.0) U[0,4500.0] (x > 0.0)",DelayedQuantitative,Incremental,online,20000,50,0.5113221891200055,2.5566109456000276e-05,25.566109456000277,4500.0
4,"(x < 0.0) U[0,4600.0] (x > 0.0)",DelayedQuantitative,Incremental,online,20000,50,0.5141480865999847,2.5707404329999233e-05,25.707404329999232,4600.0
4,"(x < 0.0) U[0,4700.0] (x > 0.0)",DelayedQuantitative,Incremental,online,20000,50,0.5222593083199808,2.611296541599904e-05,26.11296541599904,4700.0
4,"(x < 0.0) U[0,4800.0] (x > 0.0)",DelayedQuantitative,Incremental,online,20000,50,0.5253389775200002,2.6266948876000013e-05,26.26694887600001,4800.0
4,"(x < 0.0) U[0,4900.0] (x > 0.0)",DelayedQuantitative,Incremental,online,20000,50,0.539793316779992,2.69896658389996e-05,26.9896658389996,4900.0
4,"(x < 0.0) U[0,5000.0] (x > 0.0)",DelayedQuantitative,Incremental,online,20000,50,0.546961105079995,2.7348055253999746e-05,27.348055253999746,5000.0
5,"G[0,1.0] (x > 0.0)",DelayedQuantitative,Incremental,online,20000,50,0.004040448340010699,2.0202241700053494e-07,0.20202241700053494,1.0
5,"G[0,100.0] (x > 0.0)",DelayedQuantitative,Incremental,online,20000,50,0.0057655484199995045,2.882774209999752e-07,0.2882774209999752,100.0
5,"G[0,200.0] (x > 0.0)",DelayedQuantitative,Incremental,online,20000,50,0.006193614980020357,3.0968074900101784e-07,0.30968074900101783,200.0
5,"G[0,300.0] (x > 0.0)",DelayedQuantitative,Incremental,online,20000,50,0.006704162419996464,3.352081209998232e-07,0.33520812099982317,300.0
5,"G[0,400.0] (x > 0.0)",DelayedQuantitative,Incremental,online,20000,50,0.007004966659987986,3.502483329993993e-07,0.3502483329993993,400.0
5,"G[0,500.0] (x > 0.0)",DelayedQuantitative,Incremental,online,20000,50,0.007058264900001632,3.529132450000816e-07,0.3529132450000816,500.0
5,"G[0,600.0] (x > 0.0)",DelayedQuantitative,Incremental,online,20000,50,0.0070890425399875315,3.5445212699937657e-07,0.35445212699937656,600.0
5,"G[0,700.0] (x > 0.0)",DelayedQuantitative,Incremental,online,20000,50,0.007113763319980535,3.5568816599902675e-07,0.35568816599902675,700.0
5,"G[0,800.0] (x > 0.0)",DelayedQuantitative,Incremental,online,20000,50,0.007385346620017117,3.6926733100085585e-07,0.36926733100085585,800.0
5,"G[0,900.0] (x > 0.0)",DelayedQuantitative,Incremental,online,20000,50,0.007319859099993664,3.659929549996832e-07,0.3659929549996832,900.0
5,"G[0,1000.0] (x > 0.0)",DelayedQuantitative,Incremental,online,20000,50,0.0074158333199920885,3.7079166599960444e-07,0.37079166599960445,1000.0
5,"G[0,1100.0] (x > 0.0)",DelayedQuantitative,Incremental,online,20000,50,0.007507773379998071,3.7538866899990356e-07,0.3753886689999036,1100.0
5,"G[0,1200.0] (x > 0.0)",DelayedQuantitative,Incremental,online,20000,50,0.007311946700010594,3.655973350005297e-07,0.3655973350005297,1200.0
5,"G[0,1300.0] (x > 0.0)",DelayedQuantitative,Incremental,online,20000,50,0.007420241499976328,3.7101207499881637e-07,0.3710120749988164,1300.0
5,"G[0,1400.0] (x > 0.0)",DelayedQuantitative,Incremental,online,20000,50,0.007401388320013211,3.7006941600066056e-07,0.37006941600066057,1400.0
5,"G[0,1500.0] (x > 0.0)",DelayedQuantitative,Incremental,online,20000,50,0.00733504419999008,3.66752209999504e-07,0.36675220999950403,1500.0
5,"G[0,1600.0] (x > 0.0)",DelayedQuantitative,Incremental,online,20000,50,0.007357104139973671,3.6785520699868354e-07,0.3678552069986835,1600.0
5,"G[0,1700.0] (x > 0.0)",DelayedQuantitative,Incremental,online,20000,50,0.007309065940003166,3.6545329700015827e-07,0.3654532970001583,1700.0
5,"G[0,1800.0] (x > 0.0)",DelayedQuantitative,Incremental,online,20000,50,0.007202976679986932,3.601488339993466e-07,0.36014883399934655,1800.0
5,"G[0,1900.0] (x > 0.0)",DelayedQuantitative,Incremental,online,20000,50,0.007087166740011526,3.543583370005763e-07,0.3543583370005763,1900.0
5,"G[0,2000.0] (x > 0.0)",DelayedQuantitative,Incremental,online,20000,50,0.006910834199984493,3.455417099992246e-07,0.3455417099992246,2000.0
5,"G[0,2100.0] (x > 0.0)",DelayedQuantitative,Incremental,online,20000,50,0.007081789939993541,3.5408949699967706e-07,0.35408949699967707,2100.0
5,"G[0,2200.0] (x > 0.0)",DelayedQuantitative,Incremental,online,20000,50,0.006897927439986233,3.4489637199931167e-07,0.34489637199931167,2200.0
5,"G[0,2300.0] (x > 0.0)",DelayedQuantitative,Incremental,online,20000,50,0.006980225020006401,3.4901125100032003e-07,0.34901125100032004,2300.0
5,"G[0,2400.0] (x > 0.0)",DelayedQuantitative,Incremental,online,20000,50,0.006991638360013894,3.4958191800069473e-07,0.3495819180006947,2400.0
5,"G[0,2500.0] (x > 0.0)",DelayedQuantitative,Incremental,online,20000,50,0.007050633279995964,3.525316639997982e-07,0.3525316639997982,2500.0
5,"G[0,2600.0] (x > 0.0)",DelayedQuantitative,Incremental,online,20000,50,0.006990886660000797,3.4954433300003985e-07,0.34954433300003984,2600.0
5,"G[0,2700.0] (x > 0.0)",DelayedQuantitative,Incremental,online,20000,50,0.006867854119968797,3.4339270599843985e-07,0.34339270599843985,2700.0
5,"G[0,2800.0] (x > 0.0)",DelayedQuantitative,Incremental,online,20000,50,0.007035024139981943,3.517512069990971e-07,0.3517512069990971,2800.0
5,"G[0,2900.0] (x > 0.0)",DelayedQuantitative,Incremental,online,20000,50,0.006896392399989963,3.4481961999949817e-07,0.3448196199994982,2900.0
5,"G[0,3000.0] (x > 0.0)",DelayedQuantitative,Incremental,online,20000,50,0.007048784200001137,3.5243921000005685e-07,0.35243921000005685,3000.0
5,"G[0,3100.0] (x > 0.0)",DelayedQuantitative,Incremental,online,20000,50,0.006808372580012474,3.404186290006237e-07,0.3404186290006237,3100.0
5,"G[0,3200.0] (x > 0.0)",DelayedQuantitative,Incremental,online,20000,50,0.007104275840001719,3.55213792000086e-07,0.35521379200008596,3200.0
5,"G[0,3300.0] (x > 0.0)",DelayedQuantitative,Incremental,online,20000,50,0.006818368320014087,3.4091841600070434e-07,0.3409184160007043,3300.0
5,"G[0,3400.0] (x > 0.0)",DelayedQuantitative,Incremental,online,20000,50,0.007031070880011612,3.515535440005806e-07,0.3515535440005806,3400.0
5,"G[0,3500.0] (x > 0.0)",DelayedQuantitative,Incremental,online,20000,50,0.007322904900011053,3.661452450005527e-07,0.3661452450005527,3500.0
5,"G[0,3600.0] (x > 0.0)",DelayedQuantitative,Incremental,online,20000,50,0.007363321620005081,3.681660810002541e-07,0.36816608100025405,3600.0
5,"G[0,3700.0] (x > 0.0)",DelayedQuantitative,Incremental,online,20000,50,0.007315344959997674,3.657672479998837e-07,0.3657672479998837,3700.0
5,"G[0,3800.0] (x > 0.0)",DelayedQuantitative,Incremental,online,20000,50,0.007378087440006311,3.689043720003156e-07,0.36890437200031556,3800.0
5,"G[0,3900.0] (x > 0.0)",DelayedQuantitative,Incremental,online,20000,50,0.007198424180019174,3.599212090009587e-07,0.3599212090009587,3900.0
5,"G[0,4000.0] (x > 0.0)",DelayedQuantitative,Incremental,online,20000,50,0.007306556640019153,3.6532783200095765e-07,0.36532783200095764,4000.0
5,"G[0,4100.0] (x > 0.0)",DelayedQuantitative,Incremental,online,20000,50,0.007248498339999969,3.6242491699999845e-07,0.36242491699999846,4100.0
5,"G[0,4200.0] (x > 0.0)",DelayedQuantitative,Incremental,online,20000,50,0.007240219919999617,3.6201099599998085e-07,0.3620109959999808,4200.0
5,"G[0,4300.0] (x > 0.0)",DelayedQuantitative,Incremental,online,20000,50,0.0072386292199962555,3.6193146099981277e-07,0.36193146099981277,4300.0
5,"G[0,4400.0] (x > 0.0)",DelayedQuantitative,Incremental,online,20000,50,0.007248956780008484,3.624478390004242e-07,0.3624478390004242,4400.0
5,"G[0,4500.0] (x > 0.0)",DelayedQuantitative,Incremental,online,20000,50,0.007331391639977483,3.6656958199887413e-07,0.3665695819988741,4500.0
5,"G[0,4600.0] (x > 0.0)",DelayedQuantitative,Incremental,online,20000,50,0.007252711619998991,3.6263558099994953e-07,0.3626355809999495,4600.0
5,"G[0,4700.0] (x > 0.0)",DelayedQuantitative,Incremental,online,20000,50,0.007152016660011213,3.5760083300056066e-07,0.35760083300056067,4700.0
5,"G[0,4800.0] (x > 0.0)",DelayedQuantitative,Incremental,online,20000,50,0.007270471720007663,3.635235860003831e-07,0.36352358600038315,4800.0
5,"G[0,4900.0] (x > 0.0)",DelayedQuantitative,Incremental,online,20000,50,0.007281736680001813,3.6408683400009066e-07,0.3640868340000907,4900.0
5,"G[0,5000.0] (x > 0.0)",DelayedQuantitative,Incremental,online,20000,50,0.007215644999996584,3.607822499998292e-07,0.3607822499998292,5000.0
6,"F[0,1.0] (x > 0.0)",DelayedQuantitative,Incremental,online,20000,50,0.004144859939997332,2.0724299699986658e-07,0.2072429969998666,1.0
6,"F[0,100.0] (x > 0.0)",DelayedQuantitative,Incremental,online,20000,50,0.005494897440012209,2.747448720006105e-07,0.2747448720006105,100.0
6,"F[0,200.0] (x > 0.0)",DelayedQuantitative,Incremental,online,20000,50,0.0062196766799934265,3.1098383399967133e-07,0.31098383399967133,200.0
6,"F[0,300.0] (x > 0.0)",DelayedQuantitative,Incremental,online,20000,50,0.0061379792800062205,3.0689896400031105e-07,0.306898964000311,300.0
6,"F[0,400.0] (x > 0.0)",DelayedQuantitative,Incremental,online,20000,50,0.006386918340003831,3.1934591700019156e-07,0.31934591700019155,400.0
6,"F[0,500.0] (x > 0.0)",DelayedQuantitative,Incremental,online,20000,50,0.0065385591399899565,3.2692795699949785e-07,0.32692795699949784,500.0
6,"F[0,600.0] (x > 0.0)",DelayedQuantitative,Incremental,online,20000,50,0.006476493340005618,3.238246670002809e-07,0.3238246670002809,600.0
6,"F[0,700.0] (x > 0.0)",DelayedQuantitative,Incremental,online,20000,50,0.006663306699974783,3.3316533499873917e-07,0.3331653349987392,700.0
6,"F[0,800.0] (x > 0.0)",DelayedQuantitative,Incremental,online,20000,50,0.00651707239998359,3.258536199991795e-07,0.3258536199991795,800.0
6,"F[0,900.0] (x > 0.0)",DelayedQuantitative,Incremental,online,20000,50,0.006817110780016265,3.408555390008132e-07,0.3408555390008132,900.0
6,"F[0,1000.0] (x > 0.0)",DelayedQuantitative,Incremental,online,20000,50,0.006492522479984473,3.246261239992236e-07,0.32462612399922364,1000.0
6,"F[0,1100.0] (x > 0.0)",DelayedQuantitative,Incremental,online,20000,50,0.006875844159985718,3.437922079992859e-07,0.3437922079992859,1100.0
6,"F[0,1200.0] (x > 0.0)",DelayedQuantitative,Incremental,online,20000,50,0.006426528319989302,3.213264159994651e-07,0.3213264159994651,1200.0
6,"F[0,1300.0] (x > 0.0)",DelayedQuantitative,Incremental,online,20000,50,0.006955034220018206,3.477517110009103e-07,0.3477517110009103,1300.0
6,"F[0,1400.0] (x > 0.0)",DelayedQuantitative,Incremental,online,20000,50,0.0065920383199818385,3.2960191599909193e-07,0.32960191599909194,1400.0
6,"F[0,1500.0] (x > 0.0)",DelayedQuantitative,Incremental,online,20000,50,0.006911888239988002,3.455944119994001e-07,0.3455944119994001,1500.0
6,"F[0,1600.0] (x > 0.0)",DelayedQuantitative,Incremental,online,20000,50,0.006474801680010387,3.2374008400051934e-07,0.32374008400051935,1600.0
6,"F[0,1700.0] (x > 0.0)",DelayedQuantitative,Incremental,online,20000,50,0.006831463339999573,3.4157316699997867e-07,0.3415731669999787,1700.0
6,"F[0,1800.0] (x > 0.0)",DelayedQuantitative,Incremental,online,20000,50,0.007092140819977431,3.546070409988715e-07,0.3546070409988715,1800.0
6,"F[0,1900.0] (x > 0.0)",DelayedQuantitative,Incremental,online,20000,50,0.007136816699999144,3.568408349999572e-07,0.35684083499995717,1900.0
6,"F[0,2000.0] (x > 0.0)",DelayedQuantitative,Incremental,online,20000,50,0.0070354858800192235,3.5177429400096116e-07,0.35177429400096116,2000.0
6,"F[0,2100.0] (x > 0.0)",DelayedQuantitative,Incremental,online,20000,50,0.0070321216999718675,3.516060849985934e-07,0.3516060849985934,2100.0
6,"F[0,2200.0] (x > 0.0)",DelayedQuantitative,Incremental,online,20000,50,0.0070909400200025625,3.5454700100012815e-07,0.35454700100012815,2200.0
6,"F[0,2300.0] (x > 0.0)",DelayedQuantitative,Incremental,online,20000,50,0.007022891659999004,3.511445829999502e-07,0.3511445829999502,2300.0
6,"F[0,2400.0] (x > 0.0)",DelayedQuantitative,Incremental,online,20000,50,0.006975769159994343,3.4878845799971715e-07,0.34878845799971714,2400.0
6,"F[0,2500.0] (x > 0.0)",DelayedQuantitative,Incremental,online,20000,50,0.007115008300020236,3.557504150010118e-07,0.3557504150010118,2500.0
6,"F[0,2600.0] (x > 0.0)",DelayedQuantitative,Incremental,online,20000,50,0.007039609179987565,3.5198045899937825e-07,0.35198045899937824,2600.0
6,"F[0,2700.0] (x > 0.0)",DelayedQuantitative,Incremental,online,20000,50,0.007027900820007744,3.513950410003872e-07,0.3513950410003872,2700.0
6,"F[0,2800.0] (x > 0.0)",DelayedQuantitative,Incremental,online,20000,50,0.007009233259977919,3.504616629988959e-07,0.3504616629988959,2800.0
6,"F[0,2900.0] (x > 0.0)",DelayedQuantitative,Incremental,online,20000,50,0.007029999220017089,3.5149996100085445e-07,0.35149996100085446,2900.0
6,"F[0,3000.0] (x > 0.0)",DelayedQuantitative,Incremental,online,20000,50,0.007046218420005062,3.523109210002531e-07,0.35231092100025313,3000.0
6,"F[0,3100.0] (x > 0.0)",DelayedQuantitative,Incremental,online,20000,50,0.006970050840000113,3.4850254200000565e-07,0.34850254200000563,3100.0
6,"F[0,3200.0] (x > 0.0)",DelayedQuantitative,Incremental,online,20000,50,0.00701247084001352,3.50623542000676e-07,0.350623542000676,3200.0
6,"F[0,3300.0] (x > 0.0)",DelayedQuantitative,Incremental,online,20000,50,0.0069828175199972975,3.4914087599986486e-07,0.3491408759998649,3300.0
6,"F[0,3400.0] (x > 0.0)",DelayedQuantitative,Incremental,online,20000,50,0.0067057774600016275,3.352888730000814e-07,0.33528887300008137,3400.0
6,"F[0,3500.0] (x > 0.0)",DelayedQuantitative,Incremental,online,20000,50,0.006582238300002246,3.291119150001123e-07,0.32911191500011233,3500.0
6,"F[0,3600.0] (x > 0.0)",DelayedQuantitative,Incremental,online,20000,50,0.006650329979984235,3.3251649899921175e-07,0.33251649899921176,3600.0
6,"F[0,3700.0] (x > 0.0)",DelayedQuantitative,Incremental,online,20000,50,0.0065429583200011625,3.271479160000581e-07,0.3271479160000581,3700.0
6,"F[0,3800.0] (x > 0.0)",DelayedQuantitative,Incremental,online,20000,50,0.006634028260004925,3.3170141300024625e-07,0.33170141300024625,3800.0
6,"F[0,3900.0] (x > 0.0)",DelayedQuantitative,Incremental,online,20000,50,0.006586575860010271,3.293287930005136e-07,0.3293287930005136,3900.0
6,"F[0,4000.0] (x > 0.0)",DelayedQuantitative,Incremental,online,20000,50,0.0065465999400066725,3.273299970003336e-07,0.3273299970003336,4000.0
6,"F[0,4100.0] (x > 0.0)",DelayedQuantitative,Incremental,online,20000,50,0.006627345920010157,3.3136729600050787e-07,0.33136729600050785,4100.0
6,"F[0,4200.0] (x > 0.0)",DelayedQuantitative,Incremental,online,20000,50,0.0067645274599954066,3.3822637299977035e-07,0.3382263729997704,4200.0
6,"F[0,4300.0] (x > 0.0)",DelayedQuantitative,Incremental,online,20000,50,0.0064731033799944274,3.2365516899972135e-07,0.32365516899972135,4300.0
6,"F[0,4400.0] (x > 0.0)",DelayedQuantitative,Incremental,online,20000,50,0.006520607520014892,3.260303760007446e-07,0.3260303760007446,4400.0
6,"F[0,4500.0] (x > 0.0)",DelayedQuantitative,Incremental,online,20000,50,0.006700185820004662,3.350092910002331e-07,0.3350092910002331,4500.0
6,"F[0,4600.0] (x > 0.0)",DelayedQuantitative,Incremental,online,20000,50,0.0065189441599977725,3.2594720799988863e-07,0.32594720799988863,4600.0
6,"F[0,4700.0] (x > 0.0)",DelayedQuantitative,Incremental,online,20000,50,0.0064644374199906455,3.232218709995323e-07,0.3232218709995323,4700.0
6,"F[0,4800.0] (x > 0.0)",DelayedQuantitative,Incremental,online,20000,50,0.006517215759990904,3.2586078799954523e-07,0.3258607879995452,4800.0
6,"F[0,4900.0] (x > 0.0)",DelayedQuantitative,Incremental,online,20000,50,0.006607604159989932,3.3038020799949664e-07,0.33038020799949663,4900.0
6,"F[0,5000.0] (x > 0.0)",DelayedQuantitative,Incremental,online,20000,50,0.006593131659997198,3.296565829998599e-07,0.3296565829998599,5000.0
1,(x < 0.5) and (x > -0.5),DelayedQualitative,Incremental,online,20000,50,0.004778210879994731,2.3891054399973655e-07,0.23891054399973655,0.0
2,"G[0,1000] (x > 0.5 -> F[0,100] (x < 0.0))",DelayedQualitative,Incremental,online,20000,50,0.00873168660000374,4.3658433000018703e-07,0.43658433000018704,1100.0
3,"(G[0,100] (x < 0.5)) or (G[100,150] (x > 0.0))",DelayedQualitative,Incremental,online,20000,50,0.00827255004001927,4.1362750200096347e-07,0.4136275020009635,150.0
4,"(x < 0.0) U[0,1.0] (x > 0.0)",DelayedQualitative,Incremental,online,20000,50,0.007455049179993694,3.7275245899968466e-07,0.3727524589996847,1.0
4,"(x < 0.0) U[0,100.0] (x > 0.0)",DelayedQualitative,Incremental,online,20000,50,0.021485645000007027,1.0742822500003513e-06,1.0742822500003513,100.0
4,"(x < 0.0) U[0,200.0] (x > 0.0)",DelayedQualitative,Incremental,online,20000,50,0.029802685879994895,1.4901342939997449e-06,1.4901342939997448,200.0
4,"(x < 0.0) U[0,300.0] (x > 0.0)",DelayedQualitative,Incremental,online,20000,50,0.04010085511999932,2.005042755999966e-06,2.005042755999966,300.0
4,"(x < 0.0) U[0,400.0] (x > 0.0)",DelayedQualitative,Incremental,online,20000,50,0.04754927491998842,2.377463745999421e-06,2.377463745999421,400.0
4,"(x < 0.0) U[0,500.0] (x > 0.0)",DelayedQualitative,Incremental,online,20000,50,0.05519583740001053,2.7597918700005266e-06,2.7597918700005266,500.0
4,"(x < 0.0) U[0,600.0] (x > 0.0)",DelayedQualitative,Incremental,online,20000,50,0.06497218176000388,3.248609088000194e-06,3.248609088000194,600.0
4,"(x < 0.0) U[0,700.0] (x > 0.0)",DelayedQualitative,Incremental,online,20000,50,0.07341145578000578,3.670572789000289e-06,3.670572789000289,700.0
4,"(x < 0.0) U[0,800.0] (x > 0.0)",DelayedQualitative,Incremental,online,20000,50,0.0813158258599833,4.0657912929991654e-06,4.065791292999165,800.0
4,"(x < 0.0) U[0,900.0] (x > 0.0)",DelayedQualitative,Incremental,online,20000,50,0.089166605779983,4.458330288999151e-06,4.458330288999151,900.0
4,"(x < 0.0) U[0,1000.0] (x > 0.0)",DelayedQualitative,Incremental,online,20000,50,0.09841193165998902,4.920596582999451e-06,4.920596582999451,1000.0
4,"(x < 0.0) U[0,1100.0] (x > 0.0)",DelayedQualitative,Incremental,online,20000,50,0.1079278525600148,5.39639262800074e-06,5.39639262800074,1100.0
4,"(x < 0.0) U[0,1200.0] (x > 0.0)",DelayedQualitative,Incremental,online,20000,50,0.11655730665998817,5.827865332999409e-06,5.827865332999409,1200.0
4,"(x < 0.0) U[0,1300.0] (x > 0.0)",DelayedQualitative,Incremental,online,20000,50,0.12417683091996878,6.208841545998439e-06,6.208841545998439,1300.0
4,"(x < 0.0) U[0,1400.0] (x > 0.0)",DelayedQualitative,Incremental,online,20000,50,0.13367405333997795,6.683702666998898e-06,6.683702666998897,1400.0
4,"(x < 0.0) U[0,1500.0] (x > 0.0)",DelayedQualitative,Incremental,online,20000,50,0.140772521699987,7.03862608499935e-06,7.03862608499935,1500.0
4,"(x < 0.0) U[0,1600.0] (x > 0.0)",DelayedQualitative,Incremental,online,20000,50,0.14792319584002145,7.396159792001073e-06,7.396159792001073,1600.0
4,"(x < 0.0) U[0,1700.0] (x > 0.0)",DelayedQualitative,Incremental,online,20000,50,0.15633471175999147,7.816735587999574e-06,7.816735587999574,1700.0
4,"(x < 0.0) U[0,1800.0] (x > 0.0)",DelayedQualitative,Incremental,online,20000,50,0.16192429421999804,8.096214710999902e-06,8.096214710999902,1800.0
4,"(x < 0.0) U[0,1900.0] (x > 0.0)",DelayedQualitative,Incremental,online,20000,50,0.16919502834001376,8.459751417000689e-06,8.459751417000689,1900.0
4,"(x < 0.0) U[0,2000.0] (x > 0.0)",DelayedQualitative,Incremental,online,20000,50,0.17669810824001617,8.834905412000808e-06,8.834905412000808,2000.0
4,"(x < 0.0) U[0,2100.0] (x > 0.0)",DelayedQualitative,Incremental,online,20000,50,0.18576535590001186,9.288267795000593e-06,9.288267795000593,2100.0
4,"(x < 0.0) U[0,2200.0] (x > 0.0)",DelayedQualitative,Incremental,online,20000,50,0.19348390586001188,9.674195293000593e-06,9.674195293000594,2200.0
4,"(x < 0.0) U[0,2300.0] (x > 0.0)",DelayedQualitative,Incremental,online,20000,50,0.20086371079998117,1.0043185539999058e-05,10.043185539999058,2300.0
4,"(x < 0.0) U[0,2400.0] (x > 0.0)",DelayedQualitative,Incremental,online,20000,50,0.20800772837999376,1.0400386418999689e-05,10.40038641899969,2400.0
4,"(x < 0.0) U[0,2500.0] (x > 0.0)",DelayedQualitative,Incremental,online,20000,50,0.21306792330001373,1.0653396165000686e-05,10.653396165000686,2500.0
4,"(x < 0.0) U[0,2600.0] (x > 0.0)",DelayedQualitative,Incremental,online,20000,50,0.22015837834000196,1.1007918917000097e-05,11.007918917000097,2600.0
4,"(x < 0.0) U[0,2700.0] (x > 0.0)",DelayedQualitative,Incremental,online,20000,50,0.2262117033399727,1.1310585166998634e-05,11.310585166998635,2700.0
4,"(x < 0.0) U[0,2800.0] (x > 0.0)",DelayedQualitative,Incremental,online,20000,50,0.2338549549599793,1.1692747747998964e-05,11.692747747998965,2800.0
4,"(x < 0.0) U[0,2900.0] (x > 0.0)",DelayedQualitative,Incremental,online,20000,50,0.24028149993999703,1.2014074996999852e-05,12.014074996999852,2900.0
4,"(x < 0.0) U[0,3000.0] (x > 0.0)",DelayedQualitative,Incremental,online,20000,50,0.24558933584001352,1.2279466792000677e-05,12.279466792000676,3000.0
4,"(x < 0.0) U[0,3100.0] (x > 0.0)",DelayedQualitative,Incremental,online,20000,50,0.2516584698999759,1.2582923494998796e-05,12.582923494998797,3100.0
4,"(x < 0.0) U[0,3200.0] (x > 0.0)",DelayedQualitative,Incremental,online,20000,50,0.25903528247998564,1.2951764123999283e-05,12.951764123999283,3200.0
4,"(x < 0.0) U[0,3300.0] (x > 0.0)",DelayedQualitative,Incremental,online,20000,50,0.26581480157998155,1.3290740078999077e-05,13.290740078999077,3300.0
4,"(x < 0.0) U[0,3400.0] (x > 0.0)",DelayedQualitative,Incremental,online,20000,50,0.2708883433400115,1.3544417167000576e-05,13.544417167000576,3400.0
4,"(x < 0.0) U[0,3500.0] (x > 0.0)",DelayedQualitative,Incremental,online,20000,50,0.2778676867199965,1.3893384335999826e-05,13.893384335999826,3500.0
4,"(x < 0.0) U[0,3600.0] (x > 0.0)",DelayedQualitative,Incremental,online,20000,50,0.2817421025600197,1.4087105128000984e-05,14.087105128000985,3600.0
4,"(x < 0.0) U[0,3700.0] (x > 0.0)",DelayedQualitative,Incremental,online,20000,50,0.28748575746002186,1.4374287873001094e-05,14.374287873001094,3700.0
4,"(x < 0.0) U[0,3800.0] (x > 0.0)",DelayedQualitative,Incremental,online,20000,50,0.29499602996001156,1.4749801498000578e-05,14.74980149800058,3800.0
4,"(x < 0.0) U[0,3900.0] (x > 0.0)",DelayedQualitative,Incremental,online,20000,50,0.29928645496001993,1.4964322748000996e-05,14.964322748000995,3900.0
4,"(x < 0.0) U[0,4000.0] (x > 0.0)",DelayedQualitative,Incremental,online,20000,50,0.3050918325800012,1.5254591629000061e-05,15.254591629000062,4000.0
4,"(x < 0.0) U[0,4100.0] (x > 0.0)",DelayedQualitative,Incremental,online,20000,50,0.35405599499999424,1.7702799749999712e-05,17.702799749999713,4100.0
4,"(x < 0.0) U[0,4200.0] (x > 0.0)",DelayedQualitative,Incremental,online,20000,50,0.36050516503999913,1.8025258251999956e-05,18.025258251999954,4200.0
4,"(x < 0.0) U[0,4300.0] (x > 0.0)",DelayedQualitative,Incremental,online,20000,50,0.3700984649599877,1.8504923247999384e-05,18.504923247999383,4300.0
4,"(x < 0.0) U[0,4400.0] (x > 0.0)",DelayedQualitative,Incremental,online,20000,50,0.37440290160001494,1.8720145080000748e-05,18.720145080000748,4400.0
4,"(x < 0.0) U[0,4500.0] (x > 0.0)",DelayedQualitative,Incremental,online,20000,50,0.38115558254002735,1.9057779127001367e-05,19.057779127001368,4500.0
4,"(x < 0.0) U[0,4600.0] (x > 0.0)",DelayedQualitative,Incremental,online,20000,50,0.38466879666000753,1.9233439833000377e-05,19.23343983300038,4600.0
4,"(x < 0.0) U[0,4700.0] (x > 0.0)",DelayedQualitative,Incremental,online,20000,50,0.38779808672002675,1.9389904336001338e-05,19.389904336001337,4700.0
4,"(x < 0.0) U[0,4800.0] (x > 0.0)",DelayedQualitative,Incremental,online,20000,50,0.3937339158199893,1.9686695790999463e-05,19.68669579099946,4800.0
4,"(x < 0.0) U[0,4900.0] (x > 0.0)",DelayedQualitative,Incremental,online,20000,50,0.3993288958600033,1.9966444793000166e-05,19.966444793000168,4900.0
4,"(x < 0.0) U[0,5000.0] (x > 0.0)",DelayedQualitative,Incremental,online,20000,50,0.40605140401999507,2.0302570200999752e-05,20.302570200999753,5000.0
5,"G[0,1.0] (x > 0.0)",DelayedQualitative,Incremental,online,20000,50,0.004374999939986992,2.187499969993496e-07,0.2187499969993496,1.0
5,"G[0,100.0] (x > 0.0)",DelayedQualitative,Incremental,online,20000,50,0.004759759180028595,2.3798795900142975e-07,0.23798795900142974,100.0
5,"G[0,200.0] (x > 0.0)",DelayedQualitative,Incremental,online,20000,50,0.004994525920005799,2.497262960002899e-07,0.24972629600028992,200.0
5,"G[0,300.0] (x > 0.0)",DelayedQualitative,Incremental,online,20000,50,0.005050004999998236,2.5250024999991183e-07,0.25250024999991183,300.0
5,"G[0,400.0] (x > 0.0)",DelayedQualitative,Incremental,online,20000,50,0.0050145857800180235,2.507292890009012e-07,0.2507292890009012,400.0
5,"G[0,500.0] (x > 0.0)",DelayedQualitative,Incremental,online,20000,50,0.005080075720011337,2.540037860005668e-07,0.25400378600056683,500.0
5,"G[0,600.0] (x > 0.0)",DelayedQualitative,Incremental,online,20000,50,0.004991018300011092,2.495509150005546e-07,0.2495509150005546,600.0
5,"G[0,700.0] (x > 0.0)",DelayedQualitative,Incremental,online,20000,50,0.005118102480005291,2.5590512400026455e-07,0.25590512400026455,700.0
5,"G[0,800.0] (x > 0.0)",DelayedQualitative,Incremental,online,20000,50,0.005126033340002323,2.5630166700011615e-07,0.25630166700011614,800.0
5,"G[0,900.0] (x > 0.0)",DelayedQualitative,Incremental,online,20000,50,0.005091433400002643,2.5457167000013214e-07,0.25457167000013214,900.0
5,"G[0,1000.0] (x > 0.0)",DelayedQualitative,Incremental,online,20000,50,0.005227108339986444,2.6135541699932217e-07,0.2613554169993222,1000.0
5,"G[0,1100.0] (x > 0.0)",DelayedQualitative,Incremental,online,20000,50,0.005160459980006635,2.580229990003317e-07,0.2580229990003317,1100.0
5,"G[0,1200.0] (x > 0.0)",DelayedQualitative,Incremental,online,20000,50,0.005219239180009935,2.6096195900049677e-07,0.2609619590004968,1200.0
5,"G[0,1300.0] (x > 0.0)",DelayedQualitative,Incremental,online,20000,50,0.005053245859999151,2.526622929999576e-07,0.25266229299995757,1300.0
5,"G[0,1400.0] (x > 0.0)",DelayedQualitative,Incremental,online,20000,50,0.0052298525399783104,2.6149262699891553e-07,0.2614926269989155,1400.0
5,"G[0,1500.0] (x > 0.0)",DelayedQualitative,Incremental,online,20000,50,0.005199800820014389,2.599900410007194e-07,0.25999004100071943,1500.0
5,"G[0,1600.0] (x > 0.0)",DelayedQualitative,Incremental,online,20000,50,0.005174920819999897,2.5874604099999486e-07,0.2587460409999949,1600.0
5,"G[0,1700.0] (x > 0.0)",DelayedQualitative,Incremental,online,20000,50,0.0052180926000164616,2.609046300008231e-07,0.2609046300008231,1700.0
5,"G[0,1800.0] (x > 0.0)",DelayedQualitative,Incremental,online,20000,50,0.005028370080008244,2.5141850400041217e-07,0.25141850400041216,1800.0
5,"G[0,1900.0] (x > 0.0)",DelayedQualitative,Incremental,online,20000,50,0.00523836498000037,2.619182490000185e-07,0.2619182490000185,1900.0
5,"G[0,2000.0] (x > 0.0)",DelayedQualitative,Incremental,online,20000,50,0.005121205819996248,2.560602909998124e-07,0.2560602909998124,2000.0
5,"G[0,2100.0] (x > 0.0)",DelayedQualitative,Incremental,online,20000,50,0.00515808916001788,2.57904458000894e-07,0.257904458000894,2100.0
5,"G[0,2200.0] (x > 0.0)",DelayedQualitative,Incremental,online,20000,50,0.004701233340001636,2.3506166700008182e-07,0.23506166700008183,2200.0
5,"G[0,2300.0] (x > 0.0)",DelayedQualitative,Incremental,online,20000,50,0.004730657460008843,2.3653287300044213e-07,0.23653287300044212,2300.0
5,"G[0,2400.0] (x > 0.0)",DelayedQualitative,Incremental,online,20000,50,0.004721666699979323,2.3608333499896615e-07,0.23608333499896614,2400.0
5,"G[0,2500.0] (x > 0.0)",DelayedQualitative,Incremental,online,20000,50,0.00469508753997161,2.3475437699858048e-07,0.23475437699858048,2500.0
5,"G[0,2600.0] (x > 0.0)",DelayedQualitative,Incremental,online,20000,50,0.004696386640011952,2.3481933200059757e-07,0.23481933200059757,2600.0
5,"G[0,2700.0] (x > 0.0)",DelayedQualitative,Incremental,online,20000,50,0.004694105059988942,2.347052529994471e-07,0.2347052529994471,2700.0
5,"G[0,2800.0] (x > 0.0)",DelayedQualitative,Incremental,online,20000,50,0.004684934140004771,2.3424670700023853e-07,0.23424670700023853,2800.0
5,"G[0,2900.0] (x > 0.0)",DelayedQualitative,Incremental,online,20000,50,0.004682909140001357,2.3414545700006784e-07,0.23414545700006784,2900.0
5,"G[0,3000.0] (x > 0.0)",DelayedQualitative,Incremental,online,20000,50,0.004723410819997298,2.361705409998649e-07,0.2361705409998649,3000.0
5,"G[0,3100.0] (x > 0.0)",DelayedQualitative,Incremental,online,20000,50,0.004567064099983326,2.2835320499916632e-07,0.2283532049991663,3100.0
5,"G[0,3200.0] (x > 0.0)",DelayedQualitative,Incremental,online,20000,50,0.004840859259988974,2.420429629994487e-07,0.2420429629994487,3200.0
5,"G[0,3300.0] (x > 0.0)",DelayedQualitative,Incremental,online,20000,50,0.004607315780008321,2.3036578900041604e-07,0.23036578900041604,3300.0
5,"G[0,3400.0] (x > 0.0)",DelayedQualitative,Incremental,online,20000,50,0.004680364180007928,2.340182090003964e-07,0.2340182090003964,3400.0
5,"G[0,3500.0] (x > 0.0)",DelayedQualitative,Incremental,online,20000,50,0.00480475325999123,2.402376629995615e-07,0.24023766299956148,3500.0
5,"G[0,3600.0] (x > 0.0)",DelayedQualitative,Incremental,online,20000,50,0.00467659087998527,2.338295439992635e-07,0.23382954399926348,3600.0
5,"G[0,3700.0] (x > 0.0)",DelayedQualitative,Incremental,online,20000,50,0.004631821699995271,2.3159108499976356e-07,0.23159108499976355,3700.0
5,"G[0,3800.0] (x > 0.0)",DelayedQualitative,Incremental,online,20000,50,0.00474335993996192,2.37167996998096e-07,0.237167996998096,3800.0
5,"G[0,3900.0] (x > 0.0)",DelayedQualitative,Incremental,online,20000,50,0.0047337166800252815,2.3668583400126408e-07,0.23668583400126408,3900.0
5,"G[0,4000.0] (x > 0.0)",DelayedQualitative,Incremental,online,20000,50,0.004651710020007158,2.325855010003579e-07,0.2325855010003579,4000.0
5,"G[0,4100.0] (x > 0.0)",DelayedQualitative,Incremental,online,20000,50,0.004630881719995159,2.3154408599975795e-07,0.23154408599975795,4100.0
5,"G[0,4200.0] (x > 0.0)",DelayedQualitative,Incremental,online,20000,50,0.004676651619993208,2.338325809996604e-07,0.2338325809996604,4200.0
5,"G[0,4300.0] (x > 0.0)",DelayedQualitative,Incremental,online,20000,50,0.004646126659995389,2.3230633299976943e-07,0.23230633299976944,4300.0
5,"G[0,4400.0] (x > 0.0)",DelayedQualitative,Incremental,online,20000,50,0.004588195699993775,2.2940978499968877e-07,0.22940978499968878,4400.0
5,"G[0,4500.0] (x > 0.0)",DelayedQualitative,Incremental,online,20000,50,0.004673075099995003,2.3365375499975017e-07,0.23365375499975016,4500.0
5,"G[0,4600.0] (x > 0.0)",DelayedQualitative,Incremental,online,20000,50,0.004816769079998267,2.4083845399991337e-07,0.24083845399991338,4600.0
5,"G[0,4700.0] (x > 0.0)",DelayedQualitative,Incremental,online,20000,50,0.005055720119980833,2.5278600599904163e-07,0.2527860059990416,4700.0
5,"G[0,4800.0] (x > 0.0)",DelayedQualitative,Incremental,online,20000,50,0.005077935039994372,2.538967519997186e-07,0.2538967519997186,4800.0
5,"G[0,4900.0] (x > 0.0)",DelayedQualitative,Incremental,online,20000,50,0.005112494959994365,2.5562474799971823e-07,0.25562474799971824,4900.0
5,"G[0,5000.0] (x > 0.0)",DelayedQualitative,Incremental,online,20000,50,0.005054895740022403,2.527447870011202e-07,0.2527447870011202,5000.0
6,"F[0,1.0] (x > 0.0)",DelayedQualitative,Incremental,online,20000,50,0.004271633219996147,2.1358166099980733e-07,0.21358166099980733,1.0
6,"F[0,100.0] (x > 0.0)",DelayedQualitative,Incremental,online,20000,50,0.0048796365599673664,2.439818279983683e-07,0.2439818279983683,100.0
6,"F[0,200.0] (x > 0.0)",DelayedQualitative,Incremental,online,20000,50,0.00503875247999531,2.519376239997655e-07,0.2519376239997655,200.0
6,"F[0,300.0] (x > 0.0)",DelayedQualitative,Incremental,online,20000,50,0.005051235820005786,2.525617910002893e-07,0.2525617910002893,300.0
6,"F[0,400.0] (x > 0.0)",DelayedQualitative,Incremental,online,20000,50,0.005189028300001155,2.5945141500005777e-07,0.25945141500005775,400.0
6,"F[0,500.0] (x > 0.0)",DelayedQualitative,Incremental,online,20000,50,0.005092138359982528,2.546069179991264e-07,0.25460691799912644,500.0
6,"F[0,600.0] (x > 0.0)",DelayedQualitative,Incremental,online,20000,50,0.00513287418001255,2.566437090006275e-07,0.2566437090006275,600.0
6,"F[0,700.0] (x > 0.0)",DelayedQualitative,Incremental,online,20000,50,0.005192754119998426,2.596377059999213e-07,0.2596377059999213,700.0
6,"F[0,800.0] (x > 0.0)",DelayedQualitative,Incremental,online,20000,50,0.00525496910000129,2.6274845500006453e-07,0.26274845500006455,800.0
6,"F[0,900.0] (x > 0.0)",DelayedQualitative,Incremental,online,20000,50,0.005277394200011259,2.6386971000056296e-07,0.263869710000563,900.0
6,"F[0,1000.0] (x > 0.0)",DelayedQualitative,Incremental,online,20000,50,0.005184022519997598,2.592011259998799e-07,0.2592011259998799,1000.0
6,"F[0,1100.0] (x > 0.0)",DelayedQualitative,Incremental,online,20000,50,0.005274183260007703,2.6370916300038514e-07,0.26370916300038516,1100.0
6,"F[0,1200.0] (x > 0.0)",DelayedQualitative,Incremental,online,20000,50,0.005098267540015513,2.549133770007757e-07,0.2549133770007757,1200.0
6,"F[0,1300.0] (x > 0.0)",DelayedQualitative,Incremental,online,20000,50,0.005224133260007875,2.612066630003938e-07,0.2612066630003938,1300.0
6,"F[0,1400.0] (x > 0.0)",DelayedQualitative,Incremental,online,20000,50,0.005210425080017558,2.605212540008779e-07,0.2605212540008779,1400.0
6,"F[0,1500.0] (x > 0.0)",DelayedQualitative,Incremental,online,20000,50,0.005133802459995423,2.566901229997711e-07,0.2566901229997711,1500.0
6,"F[0,1600.0] (x > 0.0)",DelayedQualitative,Incremental,online,20000,50,0.0047877833600023225,2.393891680001161e-07,0.23938916800011611,1600.0
6,"F[0,1700.0] (x > 0.0)",DelayedQualitative,Incremental,online,20000,50,0.004920135859974834,2.460067929987417e-07,0.2460067929987417,1700.0
6,"F[0,1800.0] (x > 0.0)",DelayedQualitative,Incremental,online,20000,50,0.004665300839978954,2.332650419989477e-07,0.2332650419989477,1800.0
6,"F[0,1900.0] (x > 0.0)",DelayedQualitative,Incremental,online,20000,50,0.005039214959988385,2.5196074799941925e-07,0.25196074799941925,1900.0
6,"F[0,2000.0] (x > 0.0)",DelayedQualitative,Incremental,online,20000,50,0.00470622916001048,2.35311458000524e-07,0.235311458000524,2000.0
6,"F[0,2100.0] (x > 0.0)",DelayedQualitative,Incremental,online,20000,50,0.004828093340006489,2.414046670003245e-07,0.24140466700032448,2100.0
6,"F[0,2200.0] (x > 0.0)",DelayedQualitative,Incremental,online,20000,50,0.00490928420000273,2.4546421000013653e-07,0.24546421000013655,2200.0
6,"F[0,2300.0] (x > 0.0)",DelayedQualitative,Incremental,online,20000,50,0.004774381599986555,2.3871907999932773e-07,0.23871907999932773,2300.0
6,"F[0,2400.0] (x > 0.0)",DelayedQualitative,Incremental,online,20000,50,0.004779634060000717,2.389817030000358e-07,0.23898170300003582,2400.0
6,"F[0,2500.0] (x > 0.0)",DelayedQualitative,Incremental,online,20000,50,0.004971636640016186,2.485818320008093e-07,0.24858183200080927,2500.0
6,"F[0,2600.0] (x > 0.0)",DelayedQualitative,Incremental,online,20000,50,0.004645762580007613,2.3228812900038062e-07,0.23228812900038062,2600.0
6,"F[0,2700.0] (x > 0.0)",DelayedQualitative,Incremental,online,20000,50,0.004806394999991426,2.403197499995713e-07,0.2403197499995713,2700.0
6,"F[0,2800.0] (x > 0.0)",DelayedQualitative,Incremental,online,20000,50,0.004798264959981679,2.3991324799908395e-07,0.23991324799908395,2800.0
6,"F[0,2900.0] (x > 0.0)",DelayedQualitative,Incremental,online,20000,50,0.004828845859969988,2.414422929984994e-07,0.2414422929984994,2900.0
6,"F[0,3000.0] (x > 0.0)",DelayedQualitative,Incremental,online,20000,50,0.00483738419999554,2.41869209999777e-07,0.24186920999977699,3000.0
6,"F[0,3100.0] (x > 0.0)",DelayedQualitative,Incremental,online,20000,50,0.004659113439993234,2.329556719996617e-07,0.2329556719996617,3100.0
6,"F[0,3200.0] (x > 0.0)",DelayedQualitative,Incremental,online,20000,50,0.004793007580019548,2.3965037900097743e-07,0.23965037900097744,3200.0
6,"F[0,3300.0] (x > 0.0)",DelayedQualitative,Incremental,online,20000,50,0.004946315840015814,2.4731579200079065e-07,0.24731579200079065,3300.0
6,"F[0,3400.0] (x > 0.0)",DelayedQualitative,Incremental,online,20000,50,0.004859773360008149,2.4298866800040744e-07,0.24298866800040744,3400.0
6,"F[0,3500.0] (x > 0.0)",DelayedQualitative,Incremental,online,20000,50,0.004542681719999564,2.271340859999782e-07,0.2271340859999782,3500.0
6,"F[0,3600.0] (x > 0.0)",DelayedQualitative,Incremental,online,20000,50,0.004861452479995023,2.430726239997512e-07,0.2430726239997512,3600.0
6,"F[0,3700.0] (x > 0.0)",DelayedQualitative,Incremental,online,20000,50,0.004758741699997699,2.3793708499988495e-07,0.23793708499988495,3700.0
6,"F[0,3800.0] (x > 0.0)",DelayedQualitative,Incremental,online,20000,50,0.004828225859996565,2.4141129299982823e-07,0.24141129299982822,3800.0
6,"F[0,3900.0] (x > 0.0)",DelayedQualitative,Incremental,online,20000,50,0.00505217331998665,2.526086659993325e-07,0.2526086659993325,3900.0
6,"F[0,4000.0] (x > 0.0)",DelayedQualitative,Incremental,online,20000,50,0.005108399159998953,2.5541995799994764e-07,0.25541995799994766,4000.0
6,"F[0,4100.0] (x > 0.0)",DelayedQualitative,Incremental,online,20000,50,0.0051957982000021725,2.5978991000010865e-07,0.25978991000010865,4100.0
6,"F[0,4200.0] (x > 0.0)",DelayedQualitative,Incremental,online,20000,50,0.004971573339985298,2.485786669992649e-07,0.2485786669992649,4200.0
6,"F[0,4300.0] (x > 0.0)",DelayedQualitative,Incremental,online,20000,50,0.005109743280017938,2.554871640008969e-07,0.2554871640008969,4300.0
6,"F[0,4400.0] (x > 0.0)",DelayedQualitative,Incremental,online,20000,50,0.005096373359997415,2.5481866799987076e-07,0.25481866799987074,4400.0
6,"F[0,4500.0] (x > 0.0)",DelayedQualitative,Incremental,online,20000,50,0.005177569219995348,2.588784609997674e-07,0.2588784609997674,4500.0
6,"F[0,4600.0] (x > 0.0)",DelayedQualitative,Incremental,online,20000,50,0.00523601502000929,2.618007510004645e-07,0.2618007510004645,4600.0
6,"F[0,4700.0] (x > 0.0)",DelayedQualitative,Incremental,online,20000,50,0.005096012379976855,2.5480061899884274e-07,0.25480061899884276,4700.0
6,"F[0,4800.0] (x > 0.0)",DelayedQualitative,Incremental,online,20000,50,0.005163087599999017,2.5815437999995084e-07,0.25815437999995083,4800.0
6,"F[0,4900.0] (x > 0.0)",DelayedQualitative,Incremental,online,20000,50,0.005117154040012792,2.558577020006396e-07,0.2558577020006396,4900.0
6,"F[0,5000.0] (x > 0.0)",DelayedQualitative,Incremental,online,20000,50,0.005205905019997772,2.602952509998886e-07,0.2602952509998886,5000.0
1,(x < 0.5) and (x > -0.5),EagerQualitative,Incremental,online,20000,50,0.004958734220003862,2.479367110001931e-07,0.2479367110001931,0.0
2,"G[0,1000] (x > 0.5 -> F[0,100] (x < 0.0))",EagerQualitative,Incremental,online,20000,50,0.007765037559979646,3.8825187799898227e-07,0.38825187799898225,1100.0
3,"(G[0,100] (x < 0.5)) or (G[100,150] (x > 0.0))",EagerQualitative,Incremental,online,20000,50,0.007843074219986193,3.9215371099930966e-07,0.3921537109993097,150.0
4,"(x < 0.0) U[0,1.0] (x > 0.0)",EagerQualitative,Incremental,online,20000,50,0.006959974999995211,3.479987499997605e-07,0.3479987499997605,1.0
4,"(x < 0.0) U[0,100.0] (x > 0.0)",EagerQualitative,Incremental,online,20000,50,0.013944029019990012,6.972014509995006e-07,0.6972014509995006,100.0
4,"(x < 0.0) U[0,200.0] (x > 0.0)",EagerQualitative,Incremental,online,20000,50,0.0157751676000089,7.88758380000445e-07,0.788758380000445,200.0
4,"(x < 0.0) U[0,300.0] (x > 0.0)",EagerQualitative,Incremental,online,20000,50,0.01792617176000476,8.96308588000238e-07,0.896308588000238,300.0
4,"(x < 0.0) U[0,400.0] (x > 0.0)",EagerQualitative,Incremental,online,20000,50,0.020193134139985885,1.0096567069992942e-06,1.0096567069992943,400.0
4,"(x < 0.0) U[0,500.0] (x > 0.0)",EagerQualitative,Incremental,online,20000,50,0.02248188836000736,1.1240944180003679e-06,1.1240944180003678,500.0
4,"(x < 0.0) U[0,600.0] (x > 0.0)",EagerQualitative,Incremental,online,20000,50,0.024551595019979687,1.2275797509989844e-06,1.2275797509989845,600.0
4,"(x < 0.0) U[0,700.0] (x > 0.0)",EagerQualitative,Incremental,online,20000,50,0.02691269077998186,1.345634538999093e-06,1.345634538999093,700.0
4,"(x < 0.0) U[0,800.0] (x > 0.0)",EagerQualitative,Incremental,online,20000,50,0.029524876659993423,1.4762438329996712e-06,1.4762438329996712,800.0
4,"(x < 0.0) U[0,900.0] (x > 0.0)",EagerQualitative,Incremental,online,20000,50,0.031507865040002796,1.5753932520001398e-06,1.57539325200014,900.0
4,"(x < 0.0) U[0,1000.0] (x > 0.0)",EagerQualitative,Incremental,online,20000,50,0.033671972559995995,1.6835986279997998e-06,1.6835986279997999,1000.0
4,"(x < 0.0) U[0,1100.0] (x > 0.0)",EagerQualitative,Incremental,online,20000,50,0.035373084220018426,1.7686542110009213e-06,1.7686542110009214,1100.0
4,"(x < 0.0) U[0,1200.0] (x > 0.0)",EagerQualitative,Incremental,online,20000,50,0.03717695663999166,1.858847831999583e-06,1.858847831999583,1200.0
4,"(x < 0.0) U[0,1300.0] (x > 0.0)",EagerQualitative,Incremental,online,20000,50,0.038972869940002965,1.9486434970001482e-06,1.9486434970001483,1300.0
4,"(x < 0.0) U[0,1400.0] (x > 0.0)",EagerQualitative,Incremental,online,20000,50,0.04145638750000216,2.072819375000108e-06,2.072819375000108,1400.0
4,"(x < 0.0) U[0,1500.0] (x > 0.0)",EagerQualitative,Incremental,online,20000,50,0.04349869915999079,2.1749349579995397e-06,2.1749349579995396,1500.0
4,"(x < 0.0) U[0,1600.0] (x > 0.0)",EagerQualitative,Incremental,online,20000,50,0.04561248836000232,2.280624418000116e-06,2.2806244180001163,1600.0
4,"(x < 0.0) U[0,1700.0] (x > 0.0)",EagerQualitative,Incremental,online,20000,50,0.047134755779984515,2.356737788999226e-06,2.356737788999226,1700.0
4,"(x < 0.0) U[0,1800.0] (x > 0.0)",EagerQualitative,Incremental,online,20000,50,0.04910106658000132,2.4550533290000657e-06,2.455053329000066,1800.0
4,"(x < 0.0) U[0,1900.0] (x > 0.0)",EagerQualitative,Incremental,online,20000,50,0.051481753279990695,2.5740876639995348e-06,2.574087663999535,1900.0
4,"(x < 0.0) U[0,2000.0] (x > 0.0)",EagerQualitative,Incremental,online,20000,50,0.053656605839992155,2.6828302919996076e-06,2.6828302919996077,2000.0
4,"(x < 0.0) U[0,2100.0] (x > 0.0)",EagerQualitative,Incremental,online,20000,50,0.05536333910001758,2.768166955000879e-06,2.7681669550008787,2100.0
4,"(x < 0.0) U[0,2200.0] (x > 0.0)",EagerQualitative,Incremental,online,20000,50,0.05710262987999613,2.855131493999806e-06,2.855131493999806,2200.0
4,"(x < 0.0) U[0,2300.0] (x > 0.0)",EagerQualitative,Incremental,online,20000,50,0.059579302540037134,2.9789651270018567e-06,2.9789651270018567,2300.0
4,"(x < 0.0) U[0,2400.0] (x > 0.0)",EagerQualitative,Incremental,online,20000,50,0.06206878084000436,3.1034390420002183e-06,3.1034390420002183,2400.0
4,"(x < 0.0) U[0,2500.0] (x > 0.0)",EagerQualitative,Incremental,online,20000,50,0.06395795751999685,3.1978978759998423e-06,3.197897875999842,2500.0
4,"(x < 0.0) U[0,2600.0] (x > 0.0)",EagerQualitative,Incremental,online,20000,50,0.06569647168000302,3.284823584000151e-06,3.284823584000151,2600.0
4,"(x < 0.0) U[0,2700.0] (x > 0.0)",EagerQualitative,Incremental,online,20000,50,0.06862209502000496,3.4311047510002482e-06,3.431104751000248,2700.0
4,"(x < 0.0) U[0,2800.0] (x > 0.0)",EagerQualitative,Incremental,online,20000,50,0.07075948659999995,3.5379743299999976e-06,3.5379743299999977,2800.0
4,"(x < 0.0) U[0,2900.0] (x > 0.0)",EagerQualitative,Incremental,online,20000,50,0.07241265089997796,3.620632544998898e-06,3.620632544998898,2900.0
4,"(x < 0.0) U[0,3000.0] (x > 0.0)",EagerQualitative,Incremental,online,20000,50,0.07493400994000239,3.7467004970001195e-06,3.7467004970001194,3000.0
4,"(x < 0.0) U[0,3100.0] (x > 0.0)",EagerQualitative,Incremental,online,20000,50,0.07700468746001206,3.850234373000603e-06,3.8502343730006032,3100.0
4,"(x < 0.0) U[0,3200.0] (x > 0.0)",EagerQualitative,Incremental,online,20000,50,0.07846353579999686,3.923176789999843e-06,3.923176789999843,3200.0
4,"(x < 0.0) U[0,3300.0] (x > 0.0)",EagerQualitative,Incremental,online,20000,50,0.08088741588001085,4.0443707940005424e-06,4.0443707940005424,3300.0
4,"(x < 0.0) U[0,3400.0] (x > 0.0)",EagerQualitative,Incremental,online,20000,50,0.08283983338001236,4.141991669000618e-06,4.1419916690006175,3400.0
4,"(x < 0.0) U[0,3500.0] (x > 0.0)",EagerQualitative,Incremental,online,20000,50,0.08398316849998992,4.199158424999496e-06,4.199158424999496,3500.0
4,"(x < 0.0) U[0,3600.0] (x > 0.0)",EagerQualitative,Incremental,online,20000,50,0.0863059499800147,4.315297499000735e-06,4.315297499000735,3600.0
4,"(x < 0.0) U[0,3700.0] (x > 0.0)",EagerQualitative,Incremental,online,20000,50,0.08772197577998668,4.386098788999334e-06,4.386098788999334,3700.0
4,"(x < 0.0) U[0,3800.0] (x > 0.0)",EagerQualitative,Incremental,online,20000,50,0.08907616337998661,4.453808168999331e-06,4.4538081689993305,3800.0
4,"(x < 0.0) U[0,3900.0] (x > 0.0)",EagerQualitative,Incremental,online,20000,50,0.0915655100800268,4.57827550400134e-06,4.57827550400134,3900.0
4,"(x < 0.0) U[0,4000.0] (x > 0.0)",EagerQualitative,Incremental,online,20000,50,0.09300706078001894,4.650353039000947e-06,4.650353039000947,4000.0
4,"(x < 0.0) U[0,4100.0] (x > 0.0)",EagerQualitative,Incremental,online,20000,50,0.10915229343995633,5.457614671997816e-06,5.457614671997816,4100.0
4,"(x < 0.0) U[0,4200.0] (x > 0.0)",EagerQualitative,Incremental,online,20000,50,0.10687701753995497,5.343850876997749e-06,5.343850876997749,4200.0
4,"(x < 0.0) U[0,4300.0] (x > 0.0)",EagerQualitative,Incremental,online,20000,50,0.11246599920002154,5.623299960001077e-06,5.623299960001077,4300.0
4,"(x < 0.0) U[0,4400.0] (x > 0.0)",EagerQualitative,Incremental,online,20000,50,0.11202745084001435,5.601372542000717e-06,5.601372542000718,4400.0
4,"(x < 0.0) U[0,4500.0] (x > 0.0)",EagerQualitative,Incremental,online,20000,50,0.11272329163996801,5.636164581998401e-06,5.6361645819984005,4500.0
4,"(x < 0.0) U[0,4600.0] (x > 0.0)",EagerQualitative,Incremental,online,20000,50,0.11661714751994623,5.8308573759973114e-06,5.8308573759973115,4600.0
4,"(x < 0.0) U[0,4700.0] (x > 0.0)",EagerQualitative,Incremental,online,20000,50,0.11524811829998725,5.762405914999363e-06,5.762405914999363,4700.0
4,"(x < 0.0) U[0,4800.0] (x > 0.0)",EagerQualitative,Incremental,online,20000,50,0.12090866588004247,6.045433294002123e-06,6.045433294002123,4800.0
4,"(x < 0.0) U[0,4900.0] (x > 0.0)",EagerQualitative,Incremental,online,20000,50,0.11952018827999382,5.976009413999691e-06,5.976009413999692,4900.0
4,"(x < 0.0) U[0,5000.0] (x > 0.0)",EagerQualitative,Incremental,online,20000,50,0.12352462843999092,6.176231421999546e-06,6.176231421999546,5000.0
5,"G[0,1.0] (x > 0.0)",EagerQualitative,Incremental,online,20000,50,0.003961374959999375,1.9806874799996878e-07,0.19806874799996876,1.0
5,"G[0,100.0] (x > 0.0)",EagerQualitative,Incremental,online,20000,50,0.0041874023800119176,2.0937011900059587e-07,0.20937011900059588,100.0
5,"G[0,200.0] (x > 0.0)",EagerQualitative,Incremental,online,20000,50,0.004213692419989456,2.106846209994728e-07,0.21068462099947283,200.0
5,"G[0,300.0] (x > 0.0)",EagerQualitative,Incremental,online,20000,50,0.004025379960048667,2.0126899800243336e-07,0.20126899800243336,300.0
5,"G[0,400.0] (x > 0.0)",EagerQualitative,Incremental,online,20000,50,0.004100252539983557,2.0501262699917788e-07,0.20501262699917788,400.0
5,"G[0,500.0] (x > 0.0)",EagerQualitative,Incremental,online,20000,50,0.004201040860034482,2.100520430017241e-07,0.2100520430017241,500.0
5,"G[0,600.0] (x > 0.0)",EagerQualitative,Incremental,online,20000,50,0.003990736779951476,1.9953683899757377e-07,0.19953683899757377,600.0
5,"G[0,700.0] (x > 0.0)",EagerQualitative,Incremental,online,20000,50,0.004389517499985232,2.194758749992616e-07,0.2194758749992616,700.0
5,"G[0,800.0] (x > 0.0)",EagerQualitative,Incremental,online,20000,50,0.0043267283400018645,2.1633641700009322e-07,0.2163364170000932,800.0
5,"G[0,900.0] (x > 0.0)",EagerQualitative,Incremental,online,20000,50,0.004468865860017104,2.2344329300085521e-07,0.22344329300085522,900.0
5,"G[0,1000.0] (x > 0.0)",EagerQualitative,Incremental,online,20000,50,0.004402052520017605,2.2010262600088027e-07,0.22010262600088026,1000.0
5,"G[0,1100.0] (x > 0.0)",EagerQualitative,Incremental,online,20000,50,0.004538672479984598,2.2693362399922989e-07,0.2269336239992299,1100.0
5,"G[0,1200.0] (x > 0.0)",EagerQualitative,Incremental,online,20000,50,0.004353343200045856,2.176671600022928e-07,0.2176671600022928,1200.0
5,"G[0,1300.0] (x > 0.0)",EagerQualitative,Incremental,online,20000,50,0.004428897540055914,2.2144487700279572e-07,0.22144487700279572,1300.0
5,"G[0,1400.0] (x > 0.0)",EagerQualitative,Incremental,online,20000,50,0.004593847540018032,2.296923770009016e-07,0.2296923770009016,1400.0
5,"G[0,1500.0] (x > 0.0)",EagerQualitative,Incremental,online,20000,50,0.004406750779962749,2.2033753899813745e-07,0.22033753899813743,1500.0
5,"G[0,1600.0] (x > 0.0)",EagerQualitative,Incremental,online,20000,50,0.004435815799997727,2.2179078999988635e-07,0.22179078999988636,1600.0
5,"G[0,1700.0] (x > 0.0)",EagerQualitative,Incremental,online,20000,50,0.004447677560010561,2.2238387800052804e-07,0.22238387800052803,1700.0
5,"G[0,1800.0] (x > 0.0)",EagerQualitative,Incremental,online,20000,50,0.004458103300021321,2.2290516500106606e-07,0.22290516500106605,1800.0
5,"G[0,1900.0] (x > 0.0)",EagerQualitative,Incremental,online,20000,50,0.0045247483599541736,2.2623741799770867e-07,0.22623741799770866,1900.0
5,"G[0,2000.0] (x > 0.0)",EagerQualitative,Incremental,online,20000,50,0.004355604999991556,2.1778024999957777e-07,0.21778024999957776,2000.0
5,"G[0,2100.0] (x > 0.0)",EagerQualitative,Incremental,online,20000,50,0.004470444159969702,2.235222079984851e-07,0.2235222079984851,2100.0
5,"G[0,2200.0] (x > 0.0)",EagerQualitative,Incremental,online,20000,50,0.004625111620043754,2.3125558100218768e-07,0.23125558100218768,2200.0
5,"G[0,2300.0] (x > 0.0)",EagerQualitative,Incremental,online,20000,50,0.0045435116800217655,2.2717558400108827e-07,0.22717558400108828,2300.0
5,"G[0,2400.0] (x > 0.0)",EagerQualitative,Incremental,online,20000,50,0.0044200183599969025,2.2100091799984513e-07,0.22100091799984511,2400.0
5,"G[0,2500.0] (x > 0.0)",EagerQualitative,Incremental,online,20000,50,0.0046488675000273365,2.3244337500136682e-07,0.2324433750013668,2500.0
5,"G[0,2600.0] (x > 0.0)",EagerQualitative,Incremental,online,20000,50,0.0045979349400295175,2.2989674700147587e-07,0.22989674700147586,2600.0
5,"G[0,2700.0] (x > 0.0)",EagerQualitative,Incremental,online,20000,50,0.0044406741799775775,2.2203370899887886e-07,0.22203370899887886,2700.0
5,"G[0,2800.0] (x > 0.0)",EagerQualitative,Incremental,online,20000,50,0.004160037539995756,2.0800187699978778e-07,0.20800187699978778,2800.0
5,"G[0,2900.0] (x > 0.0)",EagerQualitative,Incremental,online,20000,50,0.004256965080039663,2.1284825400198314e-07,0.21284825400198315,2900.0
5,"G[0,3000.0] (x > 0.0)",EagerQualitative,Incremental,online,20000,50,0.004076888359977601,2.0384441799888008e-07,0.2038444179988801,3000.0
5,"G[0,3100.0] (x > 0.0)",EagerQualitative,Incremental,online,20000,50,0.004032106719996591,2.0160533599982955e-07,0.20160533599982955,3100.0
5,"G[0,3200.0] (x > 0.0)",EagerQualitative,Incremental,online,20000,50,0.004388415740022538,2.1942078700112688e-07,0.21942078700112688,3200.0
5,"G[0,3300.0] (x > 0.0)",EagerQualitative,Incremental,online,20000,50,0.004238369119975687,2.1191845599878434e-07,0.21191845599878434,3300.0
5,"G[0,3400.0] (x > 0.0)",EagerQualitative,Incremental,online,20000,50,0.004133665860044857,2.0668329300224287e-07,0.20668329300224286,3400.0
5,"G[0,3500.0] (x > 0.0)",EagerQualitative,Incremental,online,20000,50,0.003992254140011937,1.9961270700059684e-07,0.19961270700059683,3500.0
5,"G[0,3600.0] (x > 0.0)",EagerQualitative,Incremental,online,20000,50,0.004280529120014762,2.140264560007381e-07,0.2140264560007381,3600.0
5,"G[0,3700.0] (x > 0.0)",EagerQualitative,Incremental,online,20000,50,0.0040354733799995305,2.0177366899997653e-07,0.20177366899997654,3700.0
5,"G[0,3800.0] (x > 0.0)",EagerQualitative,Incremental,online,20000,50,0.004000677499989252,2.0003387499946258e-07,0.2000338749994626,3800.0
5,"G[0,3900.0] (x > 0.0)",EagerQualitative,Incremental,online,20000,50,0.0042847724599960205,2.1423862299980103e-07,0.21423862299980104,3900.0
5,"G[0,4000.0] (x > 0.0)",EagerQualitative,Incremental,online,20000,50,0.004144038359982005,2.0720191799910026e-07,0.20720191799910026,4000.0
5,"G[0,4100.0] (x > 0.0)",EagerQualitative,Incremental,online,20000,50,0.004066641720019106,2.033320860009553e-07,0.2033320860009553,4100.0
5,"G[0,4200.0] (x > 0.0)",EagerQualitative,Incremental,online,20000,50,0.004148208319975311,2.0741041599876553e-07,0.20741041599876553,4200.0
5,"G[0,4300.0] (x > 0.0)",EagerQualitative,Incremental,online,20000,50,0.004194901739983834,2.097450869991917e-07,0.2097450869991917,4300.0
5,"G[0,4400.0] (x > 0.0)",EagerQualitative,Incremental,online,20000,50,0.0039913357800287486,1.9956678900143742e-07,0.19956678900143743,4400.0
5,"G[0,4500.0] (x > 0.0)",EagerQualitative,Incremental,online,20000,50,0.004270237520004229,2.1351187600021148e-07,0.2135118760002115,4500.0
5,"G[0,4600.0] (x > 0.0)",EagerQualitative,Incremental,online,20000,50,0.00417971081998985,2.089855409994925e-07,0.2089855409994925,4600.0
5,"G[0,4700.0] (x > 0.0)",EagerQualitative,Incremental,online,20000,50,0.003936130820020481,1.9680654100102404e-07,0.19680654100102404,4700.0
5,"G[0,4800.0] (x > 0.0)",EagerQualitative,Incremental,online,20000,50,0.004202327579996563,2.1011637899982818e-07,0.21011637899982819,4800.0
5,"G[0,4900.0] (x > 0.0)",EagerQualitative,Incremental,online,20000,50,0.0041919816599966,2.0959908299983e-07,0.20959908299983,4900.0
5,"G[0,5000.0] (x > 0.0)",EagerQualitative,Incremental,online,20000,50,0.003940860020020409,1.9704300100102044e-07,0.19704300100102043,5000.0
6,"F[0,1.0] (x > 0.0)",EagerQualitative,Incremental,online,20000,50,0.004315742559965656,2.157871279982828e-07,0.2157871279982828,1.0
6,"F[0,100.0] (x > 0.0)",EagerQualitative,Incremental,online,20000,50,0.00451821500002552,2.25910750001276e-07,0.225910750001276,100.0
6,"F[0,200.0] (x > 0.0)",EagerQualitative,Incremental,online,20000,50,0.004671676699981617,2.3358383499908088e-07,0.2335838349990809,200.0
6,"F[0,300.0] (x > 0.0)",EagerQualitative,Incremental,online,20000,50,0.004405849300019327,2.2029246500096635e-07,0.22029246500096636,300.0
6,"F[0,400.0] (x > 0.0)",EagerQualitative,Incremental,online,20000,50,0.0044900275199961474,2.2450137599980737e-07,0.22450137599980738,400.0
6,"F[0,500.0] (x > 0.0)",EagerQualitative,Incremental,online,20000,50,0.004339525000023059,2.1697625000115295e-07,0.21697625000115295,500.0
6,"F[0,600.0] (x > 0.0)",EagerQualitative,Incremental,online,20000,50,0.004558407399936186,2.2792036999680932e-07,0.2279203699968093,600.0
6,"F[0,700.0] (x > 0.0)",EagerQualitative,Incremental,online,20000,50,0.004373461760005739,2.1867308800028698e-07,0.21867308800028698,700.0
6,"F[0,800.0] (x > 0.0)",EagerQualitative,Incremental,online,20000,50,0.0045798675000150975,2.2899337500075487e-07,0.22899337500075487,800.0
6,"F[0,900.0] (x > 0.0)",EagerQualitative,Incremental,online,20000,50,0.004490734180008076,2.245367090004038e-07,0.2245367090004038,900.0
6,"F[0,1000.0] (x > 0.0)",EagerQualitative,Incremental,online,20000,50,0.004368729240022731,2.1843646200113655e-07,0.21843646200113656,1000.0
6,"F[0,1100.0] (x > 0.0)",EagerQualitative,Incremental,online,20000,50,0.004617126600014672,2.3085633000073358e-07,0.23085633000073358,1100.0
6,"F[0,1200.0] (x > 0.0)",EagerQualitative,Incremental,online,20000,50,0.004380218260030233,2.1901091300151167e-07,0.21901091300151165,1200.0
6,"F[0,1300.0] (x > 0.0)",EagerQualitative,Incremental,online,20000,50,0.004448724199983189,2.2243620999915947e-07,0.22243620999915947,1300.0
6,"F[0,1400.0] (x > 0.0)",EagerQualitative,Incremental,online,20000,50,0.0045033475000218455,2.2516737500109228e-07,0.22516737500109227,1400.0
6,"F[0,1500.0] (x > 0.0)",EagerQualitative,Incremental,online,20000,50,0.004374929280002107,2.1874646400010536e-07,0.21874646400010536,1500.0
6,"F[0,1600.0] (x > 0.0)",EagerQualitative,Incremental,online,20000,50,0.004492260900015026,2.246130450007513e-07,0.2246130450007513,1600.0
6,"F[0,1700.0] (x > 0.0)",EagerQualitative,Incremental,online,20000,50,0.004477010040018286,2.2385050200091427e-07,0.22385050200091428,1700.0
6,"F[0,1800.0] (x > 0.0)",EagerQualitative,Incremental,online,20000,50,0.0042339507399719875,2.116975369985994e-07,0.2116975369985994,1800.0
6,"F[0,1900.0] (x > 0.0)",EagerQualitative,Incremental,online,20000,50,0.004516572500006077,2.2582862500030387e-07,0.22582862500030387,1900.0
6,"F[0,2000.0] (x > 0.0)",EagerQualitative,Incremental,online,20000,50,0.004466208320000078,2.233104160000039e-07,0.2233104160000039,2000.0
6,"F[0,2100.0] (x > 0.0)",EagerQualitative,Incremental,online,20000,50,0.004323850819992004,2.1619254099960019e-07,0.2161925409996002,2100.0
6,"F[0,2200.0] (x > 0.0)",EagerQualitative,Incremental,online,20000,50,0.0045288158400035175,2.264407920001759e-07,0.2264407920001759,2200.0
6,"F[0,2300.0] (x > 0.0)",EagerQualitative,Incremental,online,20000,50,0.004543740959970819,2.2718704799854096e-07,0.22718704799854095,2300.0
6,"F[0,2400.0] (x > 0.0)",EagerQualitative,Incremental,online,20000,50,0.004384980000031647,2.1924900000158234e-07,0.21924900000158234,2400.0
6,"F[0,2500.0] (x > 0.0)",EagerQualitative,Incremental,online,20000,50,0.004448059240003204,2.224029620001602e-07,0.2224029620001602,2500.0
6,"F[0,2600.0] (x > 0.0)",EagerQualitative,Incremental,online,20000,50,0.004124203400051556,2.062101700025778e-07,0.20621017000257783,2600.0
6,"F[0,2700.0] (x > 0.0)",EagerQualitative,Incremental,online,20000,50,0.00419119251997472,2.0955962599873601e-07,0.209559625998736,2700.0
6,"F[0,2800.0] (x > 0.0)",EagerQualitative,Incremental,online,20000,50,0.003916974220046541,1.9584871100232704e-07,0.19584871100232704,2800.0
6,"F[0,2900.0] (x > 0.0)",EagerQualitative,Incremental,online,20000,50,0.004186634980005693,2.0933174900028463e-07,0.20933174900028462,2900.0
6,"F[0,3000.0] (x > 0.0)",EagerQualitative,Incremental,online,20000,50,0.004144367460012291,2.0721837300061455e-07,0.20721837300061455,3000.0
6,"F[0,3100.0] (x > 0.0)",EagerQualitative,Incremental,online,20000,50,0.0041306675000214454,2.0653337500107226e-07,0.20653337500107227,3100.0
6,"F[0,3200.0] (x > 0.0)",EagerQualitative,Incremental,online,20000,50,0.004197109940005248,2.0985549700026242e-07,0.20985549700026243,3200.0
6,"F[0,3300.0] (x > 0.0)",EagerQualitative,Incremental,online,20000,50,0.0039835274400229536,1.9917637200114769e-07,0.19917637200114768,3300.0
6,"F[0,3400.0] (x > 0.0)",EagerQualitative,Incremental,online,20000,50,0.004102087520004715,2.0510437600023576e-07,0.20510437600023576,3400.0
6,"F[0,3500.0] (x > 0.0)",EagerQualitative,Incremental,online,20000,50,0.004174956639990342,2.0874783199951707e-07,0.20874783199951708,3500.0
6,"F[0,3600.0] (x > 0.0)",EagerQualitative,Incremental,online,20000,50,0.004308613360017262,2.154306680008631e-07,0.2154306680008631,3600.0
6,"F[0,3700.0] (x > 0.0)",EagerQualitative,Incremental,online,20000,50,0.0039216317400405385,1.9608158700202693e-07,0.19608158700202694,3700.0
6,"F[0,3800.0] (x > 0.0)",EagerQualitative,Incremental,online,20000,50,0.004068790780002019,2.0343953900010095e-07,0.20343953900010095,3800.0
6,"F[0,3900.0] (x > 0.0)",EagerQualitative,Incremental,online,20000,50,0.004380788340013169,2.1903941700065845e-07,0.21903941700065846,3900.0
6,"F[0,4000.0] (x > 0.0)",EagerQualitative,Incremental,online,20000,50,0.003938449100023718,1.9692245500118588e-07,0.19692245500118588,4000.0
6,"F[0,4100.0] (x > 0.0)",EagerQualitative,Incremental,online,20000,50,0.0039967233599963944,1.9983616799981973e-07,0.19983616799981974,4100.0
6,"F[0,4200.0] (x > 0.0)",EagerQualitative,Incremental,online,20000,50,0.004183524160016532,2.091762080008266e-07,0.2091762080008266,4200.0
6,"F[0,4300.0] (x > 0.0)",EagerQualitative,Incremental,online,20000,50,0.004257003339989751,2.1285016699948757e-07,0.21285016699948758,4300.0
6,"F[0,4400.0] (x > 0.0)",EagerQualitative,Incremental,online,20000,50,0.004014221740035282,2.007110870017641e-07,0.2007110870017641,4400.0
6,"F[0,4500.0] (x > 0.0)",EagerQualitative,Incremental,online,20000,50,0.004102773360018546,2.051386680009273e-07,0.2051386680009273,4500.0
6,"F[0,4600.0] (x > 0.0)",EagerQualitative,Incremental,online,20000,50,0.004063220840016583,2.0316104200082916e-07,0.20316104200082916,4600.0
6,"F[0,4700.0] (x > 0.0)",EagerQualitative,Incremental,online,20000,50,0.004190609999996014,2.0953049999980067e-07,0.20953049999980067,4700.0
6,"F[0,4800.0] (x > 0.0)",EagerQualitative,Incremental,online,20000,50,0.004055259139986447,2.0276295699932235e-07,0.20276295699932234,4800.0
6,"F[0,4900.0] (x > 0.0)",EagerQualitative,Incremental,online,20000,50,0.004074095859996305,2.0370479299981524e-07,0.20370479299981525,4900.0
6,"F[0,5000.0] (x > 0.0)",EagerQualitative,Incremental,online,20000,50,0.004218831599946498,2.109415799973249e-07,0.2109415799973249,5000.0
1,(x < 0.5) and (x > -0.5),Rosi,Incremental,online,20000,50,0.004805821560003096,2.402910780001548e-07,0.24029107800015478,0.0
2,"G[0,1000] (x > 0.5 -> F[0,100] (x < 0.0))",Rosi,Incremental,online,20000,50,9.829810674139981,0.0004914905337069991,491.4905337069991,1100.0
3,"(G[0,100] (x < 0.5)) or (G[100,150] (x > 0.0))",Rosi,Incremental,online,20000,50,0.2657231633399897,1.3286158166999485e-05,13.286158166999485,150.0
4,"(x < 0.0) U[0,1.0] (x > 0.0)",Rosi,Incremental,online,20000,50,0.0076642432600328905,3.8321216300164453e-07,0.3832121630016445,1.0
4,"(x < 0.0) U[0,100.0] (x > 0.0)",Rosi,Incremental,online,20000,50,0.9102943733400116,4.551471866700058e-05,45.51471866700058,100.0
4,"(x < 0.0) U[0,200.0] (x > 0.0)",Rosi,Incremental,online,20000,50,2.658460155760031,0.00013292300778800154,132.92300778800154,200.0
4,"(x < 0.0) U[0,300.0] (x > 0.0)",Rosi,Incremental,online,20000,50,5.3610053941199745,0.00026805026970599873,268.05026970599874,300.0
4,"(x < 0.0) U[0,400.0] (x > 0.0)",Rosi,Incremental,online,20000,50,8.872703974259984,0.00044363519871299924,443.6351987129992,400.0
4,"(x < 0.0) U[0,500.0] (x > 0.0)",Rosi,Incremental,online,20000,50,13.339205239160028,0.0006669602619580014,666.9602619580014,500.0
4,"(x < 0.0) U[0,600.0] (x > 0.0)",Rosi,Incremental,online,20000,50,19.180144466600087,0.0009590072233300043,959.0072233300043,600.0
4,"(x < 0.0) U[0,700.0] (x > 0.0)",Rosi,Incremental,online,20000,50,25.749240920919927,0.0012874620460459963,1287.4620460459962,700.0
4,"(x < 0.0) U[0,800.0] (x > 0.0)",Rosi,Incremental,online,20000,50,33.18984416167999,0.0016594922080839997,1659.4922080839997,800.0
4,"(x < 0.0) U[0,900.0] (x > 0.0)",Rosi,Incremental,online,20000,50,41.547298460879865,0.002077364923043993,2077.3649230439933,900.0
4,"(x < 0.0) U[0,1000.0] (x > 0.0)",Rosi,Incremental,online,20000,50,50.65503728673979,0.0025327518643369898,2532.75186433699,1000.0
5,"G[0,1.0] (x > 0.0)",Rosi,Incremental,online,20000,50,0.004233458319795318,2.116729159897659e-07,0.2116729159897659,1.0
5,"G[0,100.0] (x > 0.0)",Rosi,Incremental,online,20000,50,0.06270610918003512,3.135305459001756e-06,3.1353054590017564,100.0
5,"G[0,200.0] (x > 0.0)",Rosi,Incremental,online,20000,50,0.14880653497988533,7.4403267489942665e-06,7.440326748994266,200.0
5,"G[0,300.0] (x > 0.0)",Rosi,Incremental,online,20000,50,0.25041506760007903,1.2520753380003951e-05,12.520753380003951,300.0
5,"G[0,400.0] (x > 0.0)",Rosi,Incremental,online,20000,50,0.3600350676200469,1.8001753381002344e-05,18.001753381002345,400.0
5,"G[0,500.0] (x > 0.0)",Rosi,Incremental,online,20000,50,0.4729730824199214,2.364865412099607e-05,23.64865412099607,500.0
5,"G[0,600.0] (x > 0.0)",Rosi,Incremental,online,20000,50,0.5957773366400579,2.9788866832002895e-05,29.788866832002896,600.0
5,"G[0,700.0] (x > 0.0)",Rosi,Incremental,online,20000,50,0.7116787942399969,3.5583939711999846e-05,35.58393971199985,700.0
5,"G[0,800.0] (x > 0.0)",Rosi,Incremental,online,20000,50,0.8303576200400857,4.151788100200429e-05,41.51788100200429,800.0
5,"G[0,900.0] (x > 0.0)",Rosi,Incremental,online,20000,50,0.9506700583201746,4.753350291600873e-05,47.53350291600873,900.0
5,"G[0,1000.0] (x > 0.0)",Rosi,Incremental,online,20000,50,1.0685727315999611,5.3428636579998056e-05,53.428636579998056,1000.0
6,"F[0,1.0] (x > 0.0)",Rosi,Incremental,online,20000,50,0.004475546660141844,2.2377733300709223e-07,0.22377733300709224,1.0
6,"F[0,100.0] (x > 0.0)",Rosi,Incremental,online,20000,50,0.05776097424004547,2.8880487120022737e-06,2.8880487120022735,100.0
6,"F[0,200.0] (x > 0.0)",Rosi,Incremental,online,20000,50,0.1319173908801531,6.595869544007656e-06,6.595869544007655,200.0
6,"F[0,300.0] (x > 0.0)",Rosi,Incremental,online,20000,50,0.2153978008600825,1.0769890043004125e-05,10.769890043004125,300.0
6,"F[0,400.0] (x > 0.0)",Rosi,Incremental,online,20000,50,0.30142357171993356,1.5071178585996679e-05,15.071178585996678,400.0
6,"F[0,500.0] (x > 0.0)",Rosi,Incremental,online,20000,50,0.3894825909798601,1.9474129548993003e-05,19.474129548993,500.0
6,"F[0,600.0] (x > 0.0)",Rosi,Incremental,online,20000,50,0.4827421682597924,2.4137108412989618e-05,24.13710841298962,600.0
6,"F[0,700.0] (x > 0.0)",Rosi,Incremental,online,20000,50,0.5721149133400831,2.8605745667004157e-05,28.605745667004157,700.0
6,"F[0,800.0] (x > 0.0)",Rosi,Incremental,online,20000,50,0.6640488683800504,3.3202443419002517e-05,33.20244341900251,800.0
6,"F[0,900.0] (x > 0.0)",Rosi,Incremental,online,20000,50,0.7540433574999406,3.770216787499703e-05,37.70216787499703,900.0
6,"F[0,1000.0] (x > 0.0)",Rosi,Incremental,online,20000,50,0.8450275774600232,4.225137887300116e-05,42.25137887300116,1000.0
