formula_id,spec,semantics,algorithm,mode,n_samples,m_runs,avg_total_s,std_total_s,avg_per_sample_s,std_per_sample_s,avg_per_sample_us,std_per_sample_us,benchmark_kind,interval_len
1,(x < 0.5) and (x > -0.5),DelayedQuantitative,Incremental,online,20000,50,0.003229793300,0.000067033601,0.000000161490,0.000000003352,0.161490,0.003352,general,0
2,"G[0,1000] (x > 0.5 -> F[0,100] (x < 0.0))",DelayedQuantitative,Incremental,online,20000,50,0.009478378260,0.000149285119,0.000000473919,0.000000007464,0.473919,0.007464,general,1000
4,"(G[0,100] (x < 0.5)) or (G[100,150] (x > 0.0))",DelayedQuantitative,Incremental,online,20000,50,0.008924886640,0.000199289127,0.000000446244,0.000000009964,0.446244,0.009964,general,100
5,"(x < 0.0) U[0,1] (x > 0.0)",DelayedQuantitative,Incremental,online,20000,50,0.006011403340,0.000089667362,0.000000300570,0.000000004483,0.300570,0.004483,general,1
5,"(x < 0.0) U[0,100] (x > 0.0)",DelayedQuantitative,Incremental,online,20000,50,0.025691076620,0.000278186018,0.000001284554,0.000000013909,1.284554,0.013909,general,100
5,"(x < 0.0) U[0,200] (x > 0.0)",DelayedQuantitative,Incremental,online,20000,50,0.039482285000,0.000711799137,0.000001974114,0.000000035590,1.974114,0.035590,general,200
5,"(x < 0.0) U[0,300] (x > 0.0)",DelayedQuantitative,Incremental,online,20000,50,0.053249786700,0.000754043862,0.000002662489,0.000000037702,2.662489,0.037702,general,300
5,"(x < 0.0) U[0,400] (x > 0.0)",DelayedQuantitative,Incremental,online,20000,50,0.063147811580,0.000788116678,0.000003157391,0.000000039406,3.157391,0.039406,general,400
5,"(x < 0.0) U[0,500] (x > 0.0)",DelayedQuantitative,Incremental,online,20000,50,0.074339142580,0.000790826463,0.000003716957,0.000000039541,3.716957,0.039541,general,500
5,"(x < 0.0) U[0,600] (x > 0.0)",DelayedQuantitative,Incremental,online,20000,50,0.090001538340,0.000850142423,0.000004500077,0.000000042507,4.500077,0.042507,general,600
5,"(x < 0.0) U[0,700] (x > 0.0)",DelayedQuantitative,Incremental,online,20000,50,0.100774587460,0.000954380010,0.000005038729,0.000000047719,5.038729,0.047719,general,700
5,"(x < 0.0) U[0,800] (x > 0.0)",DelayedQuantitative,Incremental,online,20000,50,0.111571868400,0.001145815529,0.000005578593,0.000000057291,5.578593,0.057291,general,800
5,"(x < 0.0) U[0,900] (x > 0.0)",DelayedQuantitative,Incremental,online,20000,50,0.119592643340,0.001170173958,0.000005979632,0.000000058509,5.979632,0.058509,general,900
5,"(x < 0.0) U[0,1000] (x > 0.0)",DelayedQuantitative,Incremental,online,20000,50,0.130453138340,0.001125774025,0.000006522657,0.000000056289,6.522657,0.056289,general,1000
5,"(x < 0.0) U[0,1100] (x > 0.0)",DelayedQuantitative,Incremental,online,20000,50,0.151898503360,0.001250522503,0.000007594925,0.000000062526,7.594925,0.062526,general,1100
5,"(x < 0.0) U[0,1200] (x > 0.0)",DelayedQuantitative,Incremental,online,20000,50,0.161782349160,0.001139494549,0.000008089117,0.000000056975,8.089117,0.056975,general,1200
5,"(x < 0.0) U[0,1300] (x > 0.0)",DelayedQuantitative,Incremental,online,20000,50,0.172340778400,0.001257306876,0.000008617039,0.000000062865,8.617039,0.062865,general,1300
5,"(x < 0.0) U[0,1400] (x > 0.0)",DelayedQuantitative,Incremental,online,20000,50,0.182661744180,0.001755121362,0.000009133087,0.000000087756,9.133087,0.087756,general,1400
5,"(x < 0.0) U[0,1500] (x > 0.0)",DelayedQuantitative,Incremental,online,20000,50,0.192319847560,0.001270134346,0.000009615992,0.000000063507,9.615992,0.063507,general,1500
5,"(x < 0.0) U[0,1600] (x > 0.0)",DelayedQuantitative,Incremental,online,20000,50,0.202602250760,0.001276063953,0.000010130113,0.000000063803,10.130113,0.063803,general,1600
5,"(x < 0.0) U[0,1700] (x > 0.0)",DelayedQuantitative,Incremental,online,20000,50,0.212861160840,0.001507554823,0.000010643058,0.000000075378,10.643058,0.075378,general,1700
5,"(x < 0.0) U[0,1800] (x > 0.0)",DelayedQuantitative,Incremental,online,20000,50,0.222661281700,0.001462138903,0.000011133064,0.000000073107,11.133064,0.073107,general,1800
5,"(x < 0.0) U[0,1900] (x > 0.0)",DelayedQuantitative,Incremental,online,20000,50,0.231911430040,0.001387580118,0.000011595572,0.000000069379,11.595572,0.069379,general,1900
5,"(x < 0.0) U[0,2000] (x > 0.0)",DelayedQuantitative,Incremental,online,20000,50,0.241980014200,0.002507390872,0.000012099001,0.000000125370,12.099001,0.125370,general,2000
5,"(x < 0.0) U[0,2100] (x > 0.0)",DelayedQuantitative,Incremental,online,20000,50,0.263091374980,0.001888585814,0.000013154569,0.000000094429,13.154569,0.094429,general,2100
5,"(x < 0.0) U[0,2200] (x > 0.0)",DelayedQuantitative,Incremental,online,20000,50,0.272448923220,0.001782929208,0.000013622446,0.000000089146,13.622446,0.089146,general,2200
5,"(x < 0.0) U[0,2300] (x > 0.0)",DelayedQuantitative,Incremental,online,20000,50,0.282754003340,0.001768568514,0.000014137700,0.000000088428,14.137700,0.088428,general,2300
5,"(x < 0.0) U[0,2400] (x > 0.0)",DelayedQuantitative,Incremental,online,20000,50,0.290957620780,0.001826318768,0.000014547881,0.000000091316,14.547881,0.091316,general,2400
5,"(x < 0.0) U[0,2500] (x > 0.0)",DelayedQuantitative,Incremental,online,20000,50,0.299774991720,0.001419989619,0.000014988750,0.000000070999,14.988750,0.070999,general,2500
5,"(x < 0.0) U[0,2600] (x > 0.0)",DelayedQuantitative,Incremental,online,20000,50,0.309170960000,0.001963391073,0.000015458548,0.000000098170,15.458548,0.098170,general,2600
5,"(x < 0.0) U[0,2700] (x > 0.0)",DelayedQuantitative,Incremental,online,20000,50,0.317794244920,0.001554666675,0.000015889712,0.000000077733,15.889712,0.077733,general,2700
5,"(x < 0.0) U[0,2800] (x > 0.0)",DelayedQuantitative,Incremental,online,20000,50,0.326038427540,0.001550393385,0.000016301921,0.000000077520,16.301921,0.077520,general,2800
5,"(x < 0.0) U[0,2900] (x > 0.0)",DelayedQuantitative,Incremental,online,20000,50,0.335416823360,0.001945695859,0.000016770841,0.000000097285,16.770841,0.097285,general,2900
5,"(x < 0.0) U[0,3000] (x > 0.0)",DelayedQuantitative,Incremental,online,20000,50,0.343673874180,0.001754048502,0.000017183694,0.000000087702,17.183694,0.087702,general,3000
5,"(x < 0.0) U[0,3100] (x > 0.0)",DelayedQuantitative,Incremental,online,20000,50,0.351880524200,0.001816263209,0.000017594026,0.000000090813,17.594026,0.090813,general,3100
5,"(x < 0.0) U[0,3200] (x > 0.0)",DelayedQuantitative,Incremental,online,20000,50,0.360189710000,0.001346318352,0.000018009486,0.000000067316,18.009486,0.067316,general,3200
5,"(x < 0.0) U[0,3300] (x > 0.0)",DelayedQuantitative,Incremental,online,20000,50,0.369251256720,0.001582185009,0.000018462563,0.000000079109,18.462563,0.079109,general,3300
5,"(x < 0.0) U[0,3400] (x > 0.0)",DelayedQuantitative,Incremental,online,20000,50,0.376843110900,0.001714837119,0.000018842156,0.000000085742,18.842156,0.085742,general,3400
5,"(x < 0.0) U[0,3500] (x > 0.0)",DelayedQuantitative,Incremental,online,20000,50,0.386394083340,0.002380080184,0.000019319704,0.000000119004,19.319704,0.119004,general,3500
5,"(x < 0.0) U[0,3600] (x > 0.0)",DelayedQuantitative,Incremental,online,20000,50,0.393534978360,0.001945842026,0.000019676749,0.000000097292,19.676749,0.097292,general,3600
5,"(x < 0.0) U[0,3700] (x > 0.0)",DelayedQuantitative,Incremental,online,20000,50,0.401508807360,0.001758736402,0.000020075440,0.000000087937,20.075440,0.087937,general,3700
5,"(x < 0.0) U[0,3800] (x > 0.0)",DelayedQuantitative,Incremental,online,20000,50,0.409657976620,0.002154176706,0.000020482899,0.000000107709,20.482899,0.107709,general,3800
5,"(x < 0.0) U[0,3900] (x > 0.0)",DelayedQuantitative,Incremental,online,20000,50,0.417245255000,0.001726633324,0.000020862263,0.000000086332,20.862263,0.086332,general,3900
5,"(x < 0.0) U[0,4000] (x > 0.0)",DelayedQuantitative,Incremental,online,20000,50,0.428928320080,0.005626760494,0.000021446416,0.000000281338,21.446416,0.281338,general,4000
5,"(x < 0.0) U[0,4100] (x > 0.0)",DelayedQuantitative,Incremental,online,20000,50,0.458052305900,0.003312877251,0.000022902615,0.000000165644,22.902615,0.165644,general,4100
5,"(x < 0.0) U[0,4200] (x > 0.0)",DelayedQuantitative,Incremental,online,20000,50,0.463444594160,0.001975913231,0.000023172230,0.000000098796,23.172230,0.098796,general,4200
5,"(x < 0.0) U[0,4300] (x > 0.0)",DelayedQuantitative,Incremental,online,20000,50,0.470192946620,0.001892078123,0.000023509647,0.000000094604,23.509647,0.094604,general,4300
5,"(x < 0.0) U[0,4400] (x > 0.0)",DelayedQuantitative,Incremental,online,20000,50,0.477936159160,0.001706224832,0.000023896808,0.000000085311,23.896808,0.085311,general,4400
5,"(x < 0.0) U[0,4500] (x > 0.0)",DelayedQuantitative,Incremental,online,20000,50,0.485767016600,0.002627451456,0.000024288351,0.000000131373,24.288351,0.131373,general,4500
5,"(x < 0.0) U[0,4600] (x > 0.0)",DelayedQuantitative,Incremental,online,20000,50,0.493293001740,0.002119907942,0.000024664650,0.000000105995,24.664650,0.105995,general,4600
5,"(x < 0.0) U[0,4700] (x > 0.0)",DelayedQuantitative,Incremental,online,20000,50,0.499134643300,0.002281692785,0.000024956732,0.000000114085,24.956732,0.114085,general,4700
5,"(x < 0.0) U[0,4800] (x > 0.0)",DelayedQuantitative,Incremental,online,20000,50,0.506172710020,0.002488644207,0.000025308636,0.000000124432,25.308636,0.124432,general,4800
5,"(x < 0.0) U[0,4900] (x > 0.0)",DelayedQuantitative,Incremental,online,20000,50,0.513224673260,0.001987636581,0.000025661234,0.000000099382,25.661234,0.099382,general,4900
5,"(x < 0.0) U[0,5000] (x > 0.0)",DelayedQuantitative,Incremental,online,20000,50,0.520040399040,0.001604034260,0.000026002020,0.000000080202,26.002020,0.080202,general,5000
6,"G[0,1] (x > 0.0)",DelayedQuantitative,Incremental,online,20000,50,0.002504439120,0.000024133856,0.000000125222,0.000000001207,0.125222,0.001207,general,1
6,"G[0,100] (x > 0.0)",DelayedQuantitative,Incremental,online,20000,50,0.004083927500,0.000068709637,0.000000204196,0.000000003435,0.204196,0.003435,general,100
6,"G[0,200] (x > 0.0)",DelayedQuantitative,Incremental,online,20000,50,0.004546999980,0.000085785114,0.000000227350,0.000000004289,0.227350,0.004289,general,200
6,"G[0,300] (x > 0.0)",DelayedQuantitative,Incremental,online,20000,50,0.004753888280,0.000055808996,0.000000237694,0.000000002790,0.237694,0.002790,general,300
6,"G[0,400] (x > 0.0)",DelayedQuantitative,Incremental,online,20000,50,0.004929465780,0.000029097683,0.000000246473,0.000000001455,0.246473,0.001455,general,400
6,"G[0,500] (x > 0.0)",DelayedQuantitative,Incremental,online,20000,50,0.005096794140,0.000098694167,0.000000254840,0.000000004935,0.254840,0.004935,general,500
6,"G[0,600] (x > 0.0)",DelayedQuantitative,Incremental,online,20000,50,0.005230285040,0.000090347957,0.000000261514,0.000000004517,0.261514,0.004517,general,600
6,"G[0,700] (x > 0.0)",DelayedQuantitative,Incremental,online,20000,50,0.005318834960,0.000073503792,0.000000265942,0.000000003675,0.265942,0.003675,general,700
6,"G[0,800] (x > 0.0)",DelayedQuantitative,Incremental,online,20000,50,0.005364354160,0.000070840776,0.000000268218,0.000000003542,0.268218,0.003542,general,800
6,"G[0,900] (x > 0.0)",DelayedQuantitative,Incremental,online,20000,50,0.005426174060,0.000044190433,0.000000271309,0.000000002210,0.271309,0.002210,general,900
6,"G[0,1000] (x > 0.0)",DelayedQuantitative,Incremental,online,20000,50,0.005468180840,0.000102741016,0.000000273409,0.000000005137,0.273409,0.005137,general,1000
6,"G[0,1100] (x > 0.0)",DelayedQuantitative,Incremental,online,20000,50,0.005450036600,0.000057803105,0.000000272502,0.000000002890,0.272502,0.002890,general,1100
6,"G[0,1200] (x > 0.0)",DelayedQuantitative,Incremental,online,20000,50,0.005502889180,0.000124892643,0.000000275144,0.000000006245,0.275144,0.006245,general,1200
6,"G[0,1300] (x > 0.0)",DelayedQuantitative,Incremental,online,20000,50,0.005436752520,0.000092558240,0.000000271838,0.000000004628,0.271838,0.004628,general,1300
6,"G[0,1400] (x > 0.0)",DelayedQuantitative,Incremental,online,20000,50,0.005494560840,0.000124691921,0.000000274728,0.000000006235,0.274728,0.006235,general,1400
6,"G[0,1500] (x > 0.0)",DelayedQuantitative,Incremental,online,20000,50,0.005425927420,0.000060778096,0.000000271296,0.000000003039,0.271296,0.003039,general,1500
6,"G[0,1600] (x > 0.0)",DelayedQuantitative,Incremental,online,20000,50,0.005497538380,0.000077375015,0.000000274877,0.000000003869,0.274877,0.003869,general,1600
6,"G[0,1700] (x > 0.0)",DelayedQuantitative,Incremental,online,20000,50,0.005447103300,0.000107344269,0.000000272355,0.000000005367,0.272355,0.005367,general,1700
6,"G[0,1800] (x > 0.0)",DelayedQuantitative,Incremental,online,20000,50,0.005413666700,0.000064004470,0.000000270683,0.000000003200,0.270683,0.003200,general,1800
6,"G[0,1900] (x > 0.0)",DelayedQuantitative,Incremental,online,20000,50,0.005418279220,0.000063259375,0.000000270914,0.000000003163,0.270914,0.003163,general,1900
6,"G[0,2000] (x > 0.0)",DelayedQuantitative,Incremental,online,20000,50,0.005415719200,0.000072172222,0.000000270786,0.000000003609,0.270786,0.003609,general,2000
6,"G[0,2100] (x > 0.0)",DelayedQuantitative,Incremental,online,20000,50,0.005378905920,0.000055951186,0.000000268945,0.000000002798,0.268945,0.002798,general,2100
6,"G[0,2200] (x > 0.0)",DelayedQuantitative,Incremental,online,20000,50,0.005363752600,0.000067851746,0.000000268188,0.000000003393,0.268188,0.003393,general,2200
6,"G[0,2300] (x > 0.0)",DelayedQuantitative,Incremental,online,20000,50,0.005406985840,0.000123103830,0.000000270349,0.000000006155,0.270349,0.006155,general,2300
6,"G[0,2400] (x > 0.0)",DelayedQuantitative,Incremental,online,20000,50,0.005374636660,0.000084322966,0.000000268732,0.000000004216,0.268732,0.004216,general,2400
6,"G[0,2500] (x > 0.0)",DelayedQuantitative,Incremental,online,20000,50,0.005410460060,0.000110622452,0.000000270523,0.000000005531,0.270523,0.005531,general,2500
6,"G[0,2600] (x > 0.0)",DelayedQuantitative,Incremental,online,20000,50,0.005403590860,0.000072310403,0.000000270180,0.000000003616,0.270180,0.003616,general,2600
6,"G[0,2700] (x > 0.0)",DelayedQuantitative,Incremental,online,20000,50,0.005431199900,0.000116543768,0.000000271560,0.000000005827,0.271560,0.005827,general,2700
6,"G[0,2800] (x > 0.0)",DelayedQuantitative,Incremental,online,20000,50,0.005366864160,0.000071075129,0.000000268343,0.000000003554,0.268343,0.003554,general,2800
6,"G[0,2900] (x > 0.0)",DelayedQuantitative,Incremental,online,20000,50,0.005388435000,0.000096500918,0.000000269422,0.000000004825,0.269422,0.004825,general,2900
6,"G[0,3000] (x > 0.0)",DelayedQuantitative,Incremental,online,20000,50,0.005380335000,0.000036076977,0.000000269017,0.000000001804,0.269017,0.001804,general,3000
6,"G[0,3100] (x > 0.0)",DelayedQuantitative,Incremental,online,20000,50,0.005389439100,0.000065077456,0.000000269472,0.000000003254,0.269472,0.003254,general,3100
6,"G[0,3200] (x > 0.0)",DelayedQuantitative,Incremental,online,20000,50,0.005384856640,0.000049219917,0.000000269243,0.000000002461,0.269243,0.002461,general,3200
6,"G[0,3300] (x > 0.0)",DelayedQuantitative,Incremental,online,20000,50,0.005421703320,0.000109169043,0.000000271085,0.000000005458,0.271085,0.005458,general,3300
6,"G[0,3400] (x > 0.0)",DelayedQuantitative,Incremental,online,20000,50,0.005439314280,0.000101910810,0.000000271966,0.000000005096,0.271966,0.005096,general,3400
6,"G[0,3500] (x > 0.0)",DelayedQuantitative,Incremental,online,20000,50,0.005369772440,0.000066355444,0.000000268489,0.000000003318,0.268489,0.003318,general,3500
6,"G[0,3600] (x > 0.0)",DelayedQuantitative,Incremental,online,20000,50,0.005393368320,0.000076209820,0.000000269668,0.000000003810,0.269668,0.003810,general,3600
6,"G[0,3700] (x > 0.0)",DelayedQuantitative,Incremental,online,20000,50,0.005387294200,0.000046861003,0.000000269365,0.000000002343,0.269365,0.002343,general,3700
6,"G[0,3800] (x > 0.0)",DelayedQuantitative,Incremental,online,20000,50,0.005382890040,0.000078576795,0.000000269145,0.000000003929,0.269145,0.003929,general,3800
6,"G[0,3900] (x > 0.0)",DelayedQuantitative,Incremental,online,20000,50,0.005382941700,0.000071908397,0.000000269147,0.000000003595,0.269147,0.003595,general,3900
6,"G[0,4000] (x > 0.0)",DelayedQuantitative,Incremental,online,20000,50,0.005382970840,0.000057459993,0.000000269149,0.000000002873,0.269149,0.002873,general,4000
6,"G[0,4100] (x > 0.0)",DelayedQuantitative,Incremental,online,20000,50,0.005420276620,0.000123448356,0.000000271014,0.000000006172,0.271014,0.006172,general,4100
6,"G[0,4200] (x > 0.0)",DelayedQuantitative,Incremental,online,20000,50,0.005345535020,0.000062176527,0.000000267277,0.000000003109,0.267277,0.003109,general,4200
6,"G[0,4300] (x > 0.0)",DelayedQuantitative,Incremental,online,20000,50,0.005360711720,0.000081799217,0.000000268036,0.000000004090,0.268036,0.004090,general,4300
6,"G[0,4400] (x > 0.0)",DelayedQuantitative,Incremental,online,20000,50,0.005368960940,0.000069353571,0.000000268448,0.000000003468,0.268448,0.003468,general,4400
6,"G[0,4500] (x > 0.0)",DelayedQuantitative,Incremental,online,20000,50,0.005350175720,0.000061678348,0.000000267509,0.000000003084,0.267509,0.003084,general,4500
6,"G[0,4600] (x > 0.0)",DelayedQuantitative,Incremental,online,20000,50,0.005394334980,0.000127820570,0.000000269717,0.000000006391,0.269717,0.006391,general,4600
6,"G[0,4700] (x > 0.0)",DelayedQuantitative,Incremental,online,20000,50,0.005360204180,0.000068100198,0.000000268010,0.000000003405,0.268010,0.003405,general,4700
6,"G[0,4800] (x > 0.0)",DelayedQuantitative,Incremental,online,20000,50,0.005367223340,0.000122994293,0.000000268361,0.000000006150,0.268361,0.006150,general,4800
6,"G[0,4900] (x > 0.0)",DelayedQuantitative,Incremental,online,20000,50,0.005321446560,0.000077327955,0.000000266072,0.000000003866,0.266072,0.003866,general,4900
6,"G[0,5000] (x > 0.0)",DelayedQuantitative,Incremental,online,20000,50,0.005360736640,0.000119371454,0.000000268037,0.000000005969,0.268037,0.005969,general,5000
7,"F[0,1] (x > 0.0)",DelayedQuantitative,Incremental,online,20000,50,0.002531230020,0.000028102813,0.000000126562,0.000000001405,0.126562,0.001405,general,1
7,"F[0,100] (x > 0.0)",DelayedQuantitative,Incremental,online,20000,50,0.004026383340,0.000040953065,0.000000201319,0.000000002048,0.201319,0.002048,general,100
7,"F[0,200] (x > 0.0)",DelayedQuantitative,Incremental,online,20000,50,0.004452941640,0.000042579396,0.000000222647,0.000000002129,0.222647,0.002129,general,200
7,"F[0,300] (x > 0.0)",DelayedQuantitative,Incremental,online,20000,50,0.004620962520,0.000055598581,0.000000231048,0.000000002780,0.231048,0.002780,general,300
7,"F[0,400] (x > 0.0)",DelayedQuantitative,Incremental,online,20000,50,0.004728579960,0.000071553929,0.000000236429,0.000000003578,0.236429,0.003578,general,400
7,"F[0,500] (x > 0.0)",DelayedQuantitative,Incremental,online,20000,50,0.004844113320,0.000066219258,0.000000242206,0.000000003311,0.242206,0.003311,general,500
7,"F[0,600] (x > 0.0)",DelayedQuantitative,Incremental,online,20000,50,0.004874167500,0.000064442542,0.000000243708,0.000000003222,0.243708,0.003222,general,600
7,"F[0,700] (x > 0.0)",DelayedQuantitative,Incremental,online,20000,50,0.005030460700,0.000108165045,0.000000251523,0.000000005408,0.251523,0.005408,general,700
7,"F[0,800] (x > 0.0)",DelayedQuantitative,Incremental,online,20000,50,0.005032794160,0.000063548638,0.000000251640,0.000000003177,0.251640,0.003177,general,800
7,"F[0,900] (x > 0.0)",DelayedQuantitative,Incremental,online,20000,50,0.005077876800,0.000065239089,0.000000253894,0.000000003262,0.253894,0.003262,general,900
7,"F[0,1000] (x > 0.0)",DelayedQuantitative,Incremental,online,20000,50,0.005003199220,0.000032576729,0.000000250160,0.000000001629,0.250160,0.001629,general,1000
7,"F[0,1100] (x > 0.0)",DelayedQuantitative,Incremental,online,20000,50,0.005069180940,0.000106009582,0.000000253459,0.000000005300,0.253459,0.005300,general,1100
7,"F[0,1200] (x > 0.0)",DelayedQuantitative,Incremental,online,20000,50,0.005052287480,0.000069240853,0.000000252614,0.000000003462,0.252614,0.003462,general,1200
7,"F[0,1300] (x > 0.0)",DelayedQuantitative,Incremental,online,20000,50,0.005059891640,0.000047387111,0.000000252995,0.000000002369,0.252995,0.002369,general,1300
7,"F[0,1400] (x > 0.0)",DelayedQuantitative,Incremental,online,20000,50,0.004990557500,0.000078096273,0.000000249528,0.000000003905,0.249528,0.003905,general,1400
7,"F[0,1500] (x > 0.0)",DelayedQuantitative,Incremental,online,20000,50,0.005067109180,0.000103832568,0.000000253355,0.000000005192,0.253355,0.005192,general,1500
7,"F[0,1600] (x > 0.0)",DelayedQuantitative,Incremental,online,20000,50,0.005063400820,0.000064150911,0.000000253170,0.000000003208,0.253170,0.003208,general,1600
7,"F[0,1700] (x > 0.0)",DelayedQuantitative,Incremental,online,20000,50,0.005050786720,0.000072909016,0.000000252539,0.000000003645,0.252539,0.003645,general,1700
7,"F[0,1800] (x > 0.0)",DelayedQuantitative,Incremental,online,20000,50,0.005018879960,0.000065059246,0.000000250944,0.000000003253,0.250944,0.003253,general,1800
7,"F[0,1900] (x > 0.0)",DelayedQuantitative,Incremental,online,20000,50,0.005116931780,0.000092900196,0.000000255847,0.000000004645,0.255847,0.004645,general,1900
7,"F[0,2000] (x > 0.0)",DelayedQuantitative,Incremental,online,20000,50,0.005089655760,0.000076926019,0.000000254483,0.000000003846,0.254483,0.003846,general,2000
7,"F[0,2100] (x > 0.0)",DelayedQuantitative,Incremental,online,20000,50,0.005047617560,0.000067634509,0.000000252381,0.000000003382,0.252381,0.003382,general,2100
7,"F[0,2200] (x > 0.0)",DelayedQuantitative,Incremental,online,20000,50,0.005022020840,0.000078619605,0.000000251101,0.000000003931,0.251101,0.003931,general,2200
7,"F[0,2300] (x > 0.0)",DelayedQuantitative,Incremental,online,20000,50,0.005049155880,0.000100018620,0.000000252458,0.000000005001,0.252458,0.005001,general,2300
7,"F[0,2400] (x > 0.0)",DelayedQuantitative,Incremental,online,20000,50,0.005065462460,0.000057543484,0.000000253273,0.000000002877,0.253273,0.002877,general,2400
7,"F[0,2500] (x > 0.0)",DelayedQuantitative,Incremental,online,20000,50,0.005056472480,0.000088649887,0.000000252824,0.000000004432,0.252824,0.004432,general,2500
7,"F[0,2600] (x > 0.0)",DelayedQuantitative,Incremental,online,20000,50,0.005025034180,0.000050013078,0.000000251252,0.000000002501,0.251252,0.002501,general,2600
7,"F[0,2700] (x > 0.0)",DelayedQuantitative,Incremental,online,20000,50,0.005057161640,0.000070271100,0.000000252858,0.000000003514,0.252858,0.003514,general,2700
7,"F[0,2800] (x > 0.0)",DelayedQuantitative,Incremental,online,20000,50,0.005092322500,0.000100815436,0.000000254616,0.000000005041,0.254616,0.005041,general,2800
7,"F[0,2900] (x > 0.0)",DelayedQuantitative,Incremental,online,20000,50,0.005006137440,0.000062746019,0.000000250307,0.000000003137,0.250307,0.003137,general,2900
7,"F[0,3000] (x > 0.0)",DelayedQuantitative,Incremental,online,20000,50,0.005052917500,0.000068406550,0.000000252646,0.000000003420,0.252646,0.003420,general,3000
7,"F[0,3100] (x > 0.0)",DelayedQuantitative,Incremental,online,20000,50,0.005066964160,0.000115113280,0.000000253348,0.000000005756,0.253348,0.005756,general,3100
7,"F[0,3200] (x > 0.0)",DelayedQuantitative,Incremental,online,20000,50,0.005051776580,0.000077550749,0.000000252589,0.000000003878,0.252589,0.003878,general,3200
7,"F[0,3300] (x > 0.0)",DelayedQuantitative,Incremental,online,20000,50,0.005026578400,0.000058246056,0.000000251329,0.000000002912,0.251329,0.002912,general,3300
7,"F[0,3400] (x > 0.0)",DelayedQuantitative,Incremental,online,20000,50,0.005004955880,0.000070364288,0.000000250248,0.000000003518,0.250248,0.003518,general,3400
7,"F[0,3500] (x > 0.0)",DelayedQuantitative,Incremental,online,20000,50,0.005022695840,0.000085892798,0.000000251135,0.000000004295,0.251135,0.004295,general,3500
7,"F[0,3600] (x > 0.0)",DelayedQuantitative,Incremental,online,20000,50,0.005089242480,0.000121747181,0.000000254462,0.000000006087,0.254462,0.006087,general,3600
7,"F[0,3700] (x > 0.0)",DelayedQuantitative,Incremental,online,20000,50,0.005021039200,0.000059667522,0.000000251052,0.000000002983,0.251052,0.002983,general,3700
7,"F[0,3800] (x > 0.0)",DelayedQuantitative,Incremental,online,20000,50,0.005035005800,0.000044823675,0.000000251750,0.000000002241,0.251750,0.002241,general,3800
7,"F[0,3900] (x > 0.0)",DelayedQuantitative,Incremental,online,20000,50,0.005019469180,0.000075621972,0.000000250973,0.000000003781,0.250973,0.003781,general,3900
7,"F[0,4000] (x > 0.0)",DelayedQuantitative,Incremental,online,20000,50,0.004976429160,0.000069290597,0.000000248821,0.000000003465,0.248821,0.003465,general,4000
7,"F[0,4100] (x > 0.0)",DelayedQuantitative,Incremental,online,20000,50,0.005005950020,0.000078005672,0.000000250298,0.000000003900,0.250298,0.003900,general,4100
7,"F[0,4200] (x > 0.0)",DelayedQuantitative,Incremental,online,20000,50,0.004990197580,0.000063959307,0.000000249510,0.000000003198,0.249510,0.003198,general,4200
7,"F[0,4300] (x > 0.0)",DelayedQuantitative,Incremental,online,20000,50,0.005023296620,0.000098385833,0.000000251165,0.000000004919,0.251165,0.004919,general,4300
7,"F[0,4400] (x > 0.0)",DelayedQuantitative,Incremental,online,20000,50,0.005108037580,0.000085494728,0.000000255402,0.000000004275,0.255402,0.004275,general,4400
7,"F[0,4500] (x > 0.0)",DelayedQuantitative,Incremental,online,20000,50,0.005037394220,0.000063533903,0.000000251870,0.000000003177,0.251870,0.003177,general,4500
7,"F[0,4600] (x > 0.0)",DelayedQuantitative,Incremental,online,20000,50,0.005027210020,0.000050979028,0.000000251361,0.000000002549,0.251361,0.002549,general,4600
7,"F[0,4700] (x > 0.0)",DelayedQuantitative,Incremental,online,20000,50,0.004984310000,0.000057400374,0.000000249215,0.000000002870,0.249215,0.002870,general,4700
7,"F[0,4800] (x > 0.0)",DelayedQuantitative,Incremental,online,20000,50,0.005055988320,0.000085219181,0.000000252799,0.000000004261,0.252799,0.004261,general,4800
7,"F[0,4900] (x > 0.0)",DelayedQuantitative,Incremental,online,20000,50,0.004998219100,0.000041816139,0.000000249911,0.000000002091,0.249911,0.002091,general,4900
7,"F[0,5000] (x > 0.0)",DelayedQuantitative,Incremental,online,20000,50,0.004971945080,0.000032099578,0.000000248597,0.000000001605,0.248597,0.001605,general,5000
1,(x < 0.5) and (x > -0.5),DelayedQualitative,Incremental,online,20000,50,0.003192967460,0.000048516152,0.000000159648,0.000000002426,0.159648,0.002426,general,0
2,"G[0,1000] (x > 0.5 -> F[0,100] (x < 0.0))",DelayedQualitative,Incremental,online,20000,50,0.007080627400,0.000075853039,0.000000354031,0.000000003793,0.354031,0.003793,general,1000
4,"(G[0,100] (x < 0.5)) or (G[100,150] (x > 0.0))",DelayedQualitative,Incremental,online,20000,50,0.006939947520,0.000122127489,0.000000346997,0.000000006106,0.346997,0.006106,general,100
5,"(x < 0.0) U[0,1] (x > 0.0)",DelayedQualitative,Incremental,online,20000,50,0.006047687500,0.000067610151,0.000000302384,0.000000003381,0.302384,0.003381,general,1
5,"(x < 0.0) U[0,100] (x > 0.0)",DelayedQualitative,Incremental,online,20000,50,0.020273620040,0.000260062739,0.000001013681,0.000000013003,1.013681,0.013003,general,100
5,"(x < 0.0) U[0,200] (x > 0.0)",DelayedQualitative,Incremental,online,20000,50,0.029884908240,0.000342349383,0.000001494245,0.000000017117,1.494245,0.017117,general,200
5,"(x < 0.0) U[0,300] (x > 0.0)",DelayedQualitative,Incremental,online,20000,50,0.039569428440,0.000415671335,0.000001978471,0.000000020784,1.978471,0.020784,general,300
5,"(x < 0.0) U[0,400] (x > 0.0)",DelayedQualitative,Incremental,online,20000,50,0.047022365920,0.000362398482,0.000002351118,0.000000018120,2.351118,0.018120,general,400
5,"(x < 0.0) U[0,500] (x > 0.0)",DelayedQualitative,Incremental,online,20000,50,0.055177085860,0.000498032001,0.000002758854,0.000000024902,2.758854,0.024902,general,500
5,"(x < 0.0) U[0,600] (x > 0.0)",DelayedQualitative,Incremental,online,20000,50,0.067597441600,0.000535042692,0.000003379872,0.000000026752,3.379872,0.026752,general,600
5,"(x < 0.0) U[0,700] (x > 0.0)",DelayedQualitative,Incremental,online,20000,50,0.076550824160,0.000735798192,0.000003827541,0.000000036790,3.827541,0.036790,general,700
5,"(x < 0.0) U[0,800] (x > 0.0)",DelayedQualitative,Incremental,online,20000,50,0.084075364860,0.000616624739,0.000004203768,0.000000030831,4.203768,0.030831,general,800
5,"(x < 0.0) U[0,900] (x > 0.0)",DelayedQualitative,Incremental,online,20000,50,0.089902105940,0.000673870541,0.000004495105,0.000000033694,4.495105,0.033694,general,900
5,"(x < 0.0) U[0,1000] (x > 0.0)",DelayedQualitative,Incremental,online,20000,50,0.097849183320,0.000570064766,0.000004892459,0.000000028503,4.892459,0.028503,general,1000
5,"(x < 0.0) U[0,1100] (x > 0.0)",DelayedQualitative,Incremental,online,20000,50,0.111156540040,0.000784815190,0.000005557827,0.000000039241,5.557827,0.039241,general,1100
5,"(x < 0.0) U[0,1200] (x > 0.0)",DelayedQualitative,Incremental,online,20000,50,0.119696055800,0.000914428176,0.000005984803,0.000000045721,5.984803,0.045721,general,1200
5,"(x < 0.0) U[0,1300] (x > 0.0)",DelayedQualitative,Incremental,online,20000,50,0.126838101640,0.000675736635,0.000006341905,0.000000033787,6.341905,0.033787,general,1300
5,"(x < 0.0) U[0,1400] (x > 0.0)",DelayedQualitative,Incremental,online,20000,50,0.135196558320,0.001143904031,0.000006759828,0.000000057195,6.759828,0.057195,general,1400
5,"(x < 0.0) U[0,1500] (x > 0.0)",DelayedQualitative,Incremental,online,20000,50,0.143033218280,0.001056698281,0.000007151661,0.000000052835,7.151661,0.052835,general,1500
5,"(x < 0.0) U[0,1600] (x > 0.0)",DelayedQualitative,Incremental,online,20000,50,0.151186075820,0.000967971392,0.000007559304,0.000000048399,7.559304,0.048399,general,1600
5,"(x < 0.0) U[0,1700] (x > 0.0)",DelayedQualitative,Incremental,online,20000,50,0.158862137520,0.001022370704,0.000007943107,0.000000051119,7.943107,0.051119,general,1700
5,"(x < 0.0) U[0,1800] (x > 0.0)",DelayedQualitative,Incremental,online,20000,50,0.165670535780,0.001125558358,0.000008283527,0.000000056278,8.283527,0.056278,general,1800
5,"(x < 0.0) U[0,1900] (x > 0.0)",DelayedQualitative,Incremental,online,20000,50,0.174495598320,0.003235281550,0.000008724780,0.000000161764,8.724780,0.161764,general,1900
5,"(x < 0.0) U[0,2000] (x > 0.0)",DelayedQualitative,Incremental,online,20000,50,0.188157892480,0.007374603147,0.000009407895,0.000000368730,9.407895,0.368730,general,2000
5,"(x < 0.0) U[0,2100] (x > 0.0)",DelayedQualitative,Incremental,online,20000,50,0.194549827480,0.002680611432,0.000009727491,0.000000134031,9.727491,0.134031,general,2100
5,"(x < 0.0) U[0,2200] (x > 0.0)",DelayedQualitative,Incremental,online,20000,50,0.201771889940,0.002060479516,0.000010088594,0.000000103024,10.088594,0.103024,general,2200
5,"(x < 0.0) U[0,2300] (x > 0.0)",DelayedQualitative,Incremental,online,20000,50,0.207921540800,0.001379513756,0.000010396077,0.000000068976,10.396077,0.068976,general,2300
5,"(x < 0.0) U[0,2400] (x > 0.0)",DelayedQualitative,Incremental,online,20000,50,0.213873192480,0.001114918637,0.000010693660,0.000000055746,10.693660,0.055746,general,2400
5,"(x < 0.0) U[0,2500] (x > 0.0)",DelayedQualitative,Incremental,online,20000,50,0.220797545800,0.001008212067,0.000011039877,0.000000050411,11.039877,0.050411,general,2500
5,"(x < 0.0) U[0,2600] (x > 0.0)",DelayedQualitative,Incremental,online,20000,50,0.227949479120,0.001499449651,0.000011397474,0.000000074972,11.397474,0.074972,general,2600
5,"(x < 0.0) U[0,2700] (x > 0.0)",DelayedQualitative,Incremental,online,20000,50,0.234367527480,0.001480417966,0.000011718376,0.000000074021,11.718376,0.074021,general,2700
5,"(x < 0.0) U[0,2800] (x > 0.0)",DelayedQualitative,Incremental,online,20000,50,0.240771633340,0.001298312696,0.000012038582,0.000000064916,12.038582,0.064916,general,2800
5,"(x < 0.0) U[0,2900] (x > 0.0)",DelayedQualitative,Incremental,online,20000,50,0.247432230000,0.001504232235,0.000012371611,0.000000075212,12.371611,0.075212,general,2900
5,"(x < 0.0) U[0,3000] (x > 0.0)",DelayedQualitative,Incremental,online,20000,50,0.253425335000,0.001739924175,0.000012671267,0.000000086996,12.671267,0.086996,general,3000
5,"(x < 0.0) U[0,3100] (x > 0.0)",DelayedQualitative,Incremental,online,20000,50,0.258960580060,0.001524109437,0.000012948029,0.000000076205,12.948029,0.076205,general,3100
5,"(x < 0.0) U[0,3200] (x > 0.0)",DelayedQualitative,Incremental,online,20000,50,0.264497743400,0.001122567056,0.000013224887,0.000000056128,13.224887,0.056128,general,3200
5,"(x < 0.0) U[0,3300] (x > 0.0)",DelayedQualitative,Incremental,online,20000,50,0.272140463200,0.001617561392,0.000013607023,0.000000080878,13.607023,0.080878,general,3300
5,"(x < 0.0) U[0,3400] (x > 0.0)",DelayedQualitative,Incremental,online,20000,50,0.278467858320,0.001553756392,0.000013923393,0.000000077688,13.923393,0.077688,general,3400
5,"(x < 0.0) U[0,3500] (x > 0.0)",DelayedQualitative,Incremental,online,20000,50,0.284906031680,0.001298023473,0.000014245302,0.000000064901,14.245302,0.064901,general,3500
5,"(x < 0.0) U[0,3600] (x > 0.0)",DelayedQualitative,Incremental,online,20000,50,0.289507458320,0.001568174492,0.000014475373,0.000000078409,14.475373,0.078409,general,3600
5,"(x < 0.0) U[0,3700] (x > 0.0)",DelayedQualitative,Incremental,online,20000,50,0.296590681620,0.001872708354,0.000014829534,0.000000093635,14.829534,0.093635,general,3700
5,"(x < 0.0) U[0,3800] (x > 0.0)",DelayedQualitative,Incremental,online,20000,50,0.301724224100,0.001667951239,0.000015086211,0.000000083398,15.086211,0.083398,general,3800
5,"(x < 0.0) U[0,3900] (x > 0.0)",DelayedQualitative,Incremental,online,20000,50,0.308511041700,0.001690318564,0.000015425552,0.000000084516,15.425552,0.084516,general,3900
5,"(x < 0.0) U[0,4000] (x > 0.0)",DelayedQualitative,Incremental,online,20000,50,0.313792083380,0.001657414541,0.000015689604,0.000000082871,15.689604,0.082871,general,4000
5,"(x < 0.0) U[0,4100] (x > 0.0)",DelayedQualitative,Incremental,online,20000,50,0.327011854240,0.001606821128,0.000016350593,0.000000080341,16.350593,0.080341,general,4100
5,"(x < 0.0) U[0,4200] (x > 0.0)",DelayedQualitative,Incremental,online,20000,50,0.332206260000,0.001913695655,0.000016610313,0.000000095685,16.610313,0.095685,general,4200
5,"(x < 0.0) U[0,4300] (x > 0.0)",DelayedQualitative,Incremental,online,20000,50,0.339657657500,0.002487640105,0.000016982883,0.000000124382,16.982883,0.124382,general,4300
5,"(x < 0.0) U[0,4400] (x > 0.0)",DelayedQualitative,Incremental,online,20000,50,0.345203060780,0.001907513699,0.000017260153,0.000000095376,17.260153,0.095376,general,4400
5,"(x < 0.0) U[0,4500] (x > 0.0)",DelayedQualitative,Incremental,online,20000,50,0.350682904120,0.001393295149,0.000017534145,0.000000069665,17.534145,0.069665,general,4500
5,"(x < 0.0) U[0,4600] (x > 0.0)",DelayedQualitative,Incremental,online,20000,50,0.356663440920,0.002039526106,0.000017833172,0.000000101976,17.833172,0.101976,general,4600
5,"(x < 0.0) U[0,4700] (x > 0.0)",DelayedQualitative,Incremental,online,20000,50,0.363848556660,0.003222367157,0.000018192428,0.000000161118,18.192428,0.161118,general,4700
5,"(x < 0.0) U[0,4800] (x > 0.0)",DelayedQualitative,Incremental,online,20000,50,0.366112022580,0.002640312012,0.000018305601,0.000000132016,18.305601,0.132016,general,4800
5,"(x < 0.0) U[0,4900] (x > 0.0)",DelayedQualitative,Incremental,online,20000,50,0.371718140020,0.001764647716,0.000018585907,0.000000088232,18.585907,0.088232,general,4900
5,"(x < 0.0) U[0,5000] (x > 0.0)",DelayedQualitative,Incremental,online,20000,50,0.376708500860,0.002003984978,0.000018835425,0.000000100199,18.835425,0.100199,general,5000
6,"G[0,1] (x > 0.0)",DelayedQualitative,Incremental,online,20000,50,0.002471747540,0.000021476932,0.000000123587,0.000000001074,0.123587,0.001074,general,1
6,"G[0,100] (x > 0.0)",DelayedQualitative,Incremental,online,20000,50,0.003059818340,0.000040903838,0.000000152991,0.000000002045,0.152991,0.002045,general,100
6,"G[0,200] (x > 0.0)",DelayedQualitative,Incremental,online,20000,50,0.003136395000,0.000034729302,0.000000156820,0.000000001736,0.156820,0.001736,general,200
6,"G[0,300] (x > 0.0)",DelayedQualitative,Incremental,online,20000,50,0.003170625760,0.000031728192,0.000000158531,0.000000001586,0.158531,0.001586,general,300
6,"G[0,400] (x > 0.0)",DelayedQualitative,Incremental,online,20000,50,0.003199051720,0.000046540250,0.000000159953,0.000000002327,0.159953,0.002327,general,400
6,"G[0,500] (x > 0.0)",DelayedQualitative,Incremental,online,20000,50,0.003207760040,0.000034785231,0.000000160388,0.000000001739,0.160388,0.001739,general,500
6,"G[0,600] (x > 0.0)",DelayedQualitative,Incremental,online,20000,50,0.003291291740,0.000056435111,0.000000164565,0.000000002822,0.164565,0.002822,general,600
6,"G[0,700] (x > 0.0)",DelayedQualitative,Incremental,online,20000,50,0.003297073260,0.000058848898,0.000000164854,0.000000002942,0.164854,0.002942,general,700
6,"G[0,800] (x > 0.0)",DelayedQualitative,Incremental,online,20000,50,0.003320625000,0.000053564294,0.000000166031,0.000000002678,0.166031,0.002678,general,800
6,"G[0,900] (x > 0.0)",DelayedQualitative,Incremental,online,20000,50,0.003343949160,0.000052373353,0.000000167197,0.000000002619,0.167197,0.002619,general,900
6,"G[0,1000] (x > 0.0)",DelayedQualitative,Incremental,online,20000,50,0.003297867520,0.000040761596,0.000000164893,0.000000002038,0.164893,0.002038,general,1000
6,"G[0,1100] (x > 0.0)",DelayedQualitative,Incremental,online,20000,50,0.003331020820,0.000043458187,0.000000166551,0.000000002173,0.166551,0.002173,general,1100
6,"G[0,1200] (x > 0.0)",DelayedQualitative,Incremental,online,20000,50,0.003327453360,0.000051174710,0.000000166373,0.000000002559,0.166373,0.002559,general,1200
6,"G[0,1300] (x > 0.0)",DelayedQualitative,Incremental,online,20000,50,0.003274660840,0.000026717998,0.000000163733,0.000000001336,0.163733,0.001336,general,1300
6,"G[0,1400] (x > 0.0)",DelayedQualitative,Incremental,online,20000,50,0.003254227560,0.000049237293,0.000000162711,0.000000002462,0.162711,0.002462,general,1400
6,"G[0,1500] (x > 0.0)",DelayedQualitative,Incremental,online,20000,50,0.003275820780,0.000042850817,0.000000163791,0.000000002143,0.163791,0.002143,general,1500
6,"G[0,1600] (x > 0.0)",DelayedQualitative,Incremental,online,20000,50,0.003287888280,0.000041785672,0.000000164394,0.000000002089,0.164394,0.002089,general,1600
6,"G[0,1700] (x > 0.0)",DelayedQualitative,Incremental,online,20000,50,0.003295321700,0.000047589431,0.000000164766,0.000000002379,0.164766,0.002379,general,1700
6,"G[0,1800] (x > 0.0)",DelayedQualitative,Incremental,online,20000,50,0.003339840000,0.000060305092,0.000000166992,0.000000003015,0.166992,0.003015,general,1800
6,"G[0,1900] (x > 0.0)",DelayedQualitative,Incremental,online,20000,50,0.003326397500,0.000029915838,0.000000166320,0.000000001496,0.166320,0.001496,general,1900
6,"G[0,2000] (x > 0.0)",DelayedQualitative,Incremental,online,20000,50,0.003302060860,0.000031703948,0.000000165103,0.000000001585,0.165103,0.001585,general,2000
6,"G[0,2100] (x > 0.0)",DelayedQualitative,Incremental,online,20000,50,0.003348550840,0.000046502906,0.000000167428,0.000000002325,0.167428,0.002325,general,2100
6,"G[0,2200] (x > 0.0)",DelayedQualitative,Incremental,online,20000,50,0.003331791660,0.000040292483,0.000000166590,0.000000002015,0.166590,0.002015,general,2200
6,"G[0,2300] (x > 0.0)",DelayedQualitative,Incremental,online,20000,50,0.003304023440,0.000032903706,0.000000165201,0.000000001645,0.165201,0.001645,general,2300
6,"G[0,2400] (x > 0.0)",DelayedQualitative,Incremental,online,20000,50,0.003317763380,0.000051330851,0.000000165888,0.000000002567,0.165888,0.002567,general,2400
6,"G[0,2500] (x > 0.0)",DelayedQualitative,Incremental,online,20000,50,0.003310705020,0.000046298555,0.000000165535,0.000000002315,0.165535,0.002315,general,2500
6,"G[0,2600] (x > 0.0)",DelayedQualitative,Incremental,online,20000,50,0.003301200000,0.000056806004,0.000000165060,0.000000002840,0.165060,0.002840,general,2600
6,"G[0,2700] (x > 0.0)",DelayedQualitative,Incremental,online,20000,50,0.003304176540,0.000029333594,0.000000165209,0.000000001467,0.165209,0.001467,general,2700
6,"G[0,2800] (x > 0.0)",DelayedQualitative,Incremental,online,20000,50,0.003293813300,0.000057879900,0.000000164691,0.000000002894,0.164691,0.002894,general,2800
6,"G[0,2900] (x > 0.0)",DelayedQualitative,Incremental,online,20000,50,0.003275235780,0.000036778645,0.000000163762,0.000000001839,0.163762,0.001839,general,2900
6,"G[0,3000] (x > 0.0)",DelayedQualitative,Incremental,online,20000,50,0.003280755840,0.000040640412,0.000000164038,0.000000002032,0.164038,0.002032,general,3000
6,"G[0,3100] (x > 0.0)",DelayedQualitative,Incremental,online,20000,50,0.003280193420,0.000049762952,0.000000164010,0.000000002488,0.164010,0.002488,general,3100
6,"G[0,3200] (x > 0.0)",DelayedQualitative,Incremental,online,20000,50,0.003282788340,0.000041979580,0.000000164139,0.000000002099,0.164139,0.002099,general,3200
6,"G[0,3300] (x > 0.0)",DelayedQualitative,Incremental,online,20000,50,0.003300978340,0.000070062826,0.000000165049,0.000000003503,0.165049,0.003503,general,3300
6,"G[0,3400] (x > 0.0)",DelayedQualitative,Incremental,online,20000,50,0.003281995080,0.000045815031,0.000000164100,0.000000002291,0.164100,0.002291,general,3400
6,"G[0,3500] (x > 0.0)",DelayedQualitative,Incremental,online,20000,50,0.003339954180,0.000055963933,0.000000166998,0.000000002798,0.166998,0.002798,general,3500
6,"G[0,3600] (x > 0.0)",DelayedQualitative,Incremental,online,20000,50,0.003292779220,0.000030486444,0.000000164639,0.000000001524,0.164639,0.001524,general,3600
6,"G[0,3700] (x > 0.0)",DelayedQualitative,Incremental,online,20000,50,0.003295221620,0.000043533750,0.000000164761,0.000000002177,0.164761,0.002177,general,3700
6,"G[0,3800] (x > 0.0)",DelayedQualitative,Incremental,online,20000,50,0.003300716660,0.000032941198,0.000000165036,0.000000001647,0.165036,0.001647,general,3800
6,"G[0,3900] (x > 0.0)",DelayedQualitative,Incremental,online,20000,50,0.003323276740,0.000051915257,0.000000166164,0.000000002596,0.166164,0.002596,general,3900
6,"G[0,4000] (x > 0.0)",DelayedQualitative,Incremental,online,20000,50,0.003282298260,0.000031268601,0.000000164115,0.000000001563,0.164115,0.001563,general,4000
6,"G[0,4100] (x > 0.0)",DelayedQualitative,Incremental,online,20000,50,0.003263173300,0.000036129659,0.000000163159,0.000000001806,0.163159,0.001806,general,4100
6,"G[0,4200] (x > 0.0)",DelayedQualitative,Incremental,online,20000,50,0.003261222520,0.000029206151,0.000000163061,0.000000001460,0.163061,0.001460,general,4200
6,"G[0,4300] (x > 0.0)",DelayedQualitative,Incremental,online,20000,50,0.003343547440,0.000082922075,0.000000167177,0.000000004146,0.167177,0.004146,general,4300
6,"G[0,4400] (x > 0.0)",DelayedQualitative,Incremental,online,20000,50,0.003280018260,0.000052846703,0.000000164001,0.000000002642,0.164001,0.002642,general,4400
6,"G[0,4500] (x > 0.0)",DelayedQualitative,Incremental,online,20000,50,0.003297348380,0.000036299031,0.000000164867,0.000000001815,0.164867,0.001815,general,4500
6,"G[0,4600] (x > 0.0)",DelayedQualitative,Incremental,online,20000,50,0.003266501700,0.000049525433,0.000000163325,0.000000002476,0.163325,0.002476,general,4600
6,"G[0,4700] (x > 0.0)",DelayedQualitative,Incremental,online,20000,50,0.003275744140,0.000047995290,0.000000163787,0.000000002400,0.163787,0.002400,general,4700
6,"G[0,4800] (x > 0.0)",DelayedQualitative,Incremental,online,20000,50,0.003265179260,0.000034933561,0.000000163259,0.000000001747,0.163259,0.001747,general,4800
6,"G[0,4900] (x > 0.0)",DelayedQualitative,Incremental,online,20000,50,0.003273049900,0.000031208939,0.000000163652,0.000000001560,0.163652,0.001560,general,4900
6,"G[0,5000] (x > 0.0)",DelayedQualitative,Incremental,online,20000,50,0.003269047400,0.000039166695,0.000000163452,0.000000001958,0.163452,0.001958,general,5000
7,"F[0,1] (x > 0.0)",DelayedQualitative,Incremental,online,20000,50,0.002480826620,0.000026820472,0.000000124041,0.000000001341,0.124041,0.001341,general,1
7,"F[0,100] (x > 0.0)",DelayedQualitative,Incremental,online,20000,50,0.003092340860,0.000036337586,0.000000154617,0.000000001817,0.154617,0.001817,general,100
7,"F[0,200] (x > 0.0)",DelayedQualitative,Incremental,online,20000,50,0.003222794900,0.000043803316,0.000000161140,0.000000002190,0.161140,0.002190,general,200
7,"F[0,300] (x > 0.0)",DelayedQualitative,Incremental,online,20000,50,0.003232268360,0.000049238859,0.000000161613,0.000000002462,0.161613,0.002462,general,300
7,"F[0,400] (x > 0.0)",DelayedQualitative,Incremental,online,20000,50,0.003236823340,0.000037510526,0.000000161841,0.000000001876,0.161841,0.001876,general,400
7,"F[0,500] (x > 0.0)",DelayedQualitative,Incremental,online,20000,50,0.003300948360,0.000066998354,0.000000165047,0.000000003350,0.165047,0.003350,general,500
7,"F[0,600] (x > 0.0)",DelayedQualitative,Incremental,online,20000,50,0.003305547520,0.000046039233,0.000000165277,0.000000002302,0.165277,0.002302,general,600
7,"F[0,700] (x > 0.0)",DelayedQualitative,Incremental,online,20000,50,0.003316615900,0.000041021696,0.000000165831,0.000000002051,0.165831,0.002051,general,700
7,"F[0,800] (x > 0.0)",DelayedQualitative,Incremental,online,20000,50,0.003375515140,0.000037879201,0.000000168776,0.000000001894,0.168776,0.001894,general,800
7,"F[0,900] (x > 0.0)",DelayedQualitative,Incremental,online,20000,50,0.003399119980,0.000067115917,0.000000169956,0.000000003356,0.169956,0.003356,general,900
7,"F[0,1000] (x > 0.0)",DelayedQualitative,Incremental,online,20000,50,0.003383210060,0.000044926608,0.000000169161,0.000000002246,0.169161,0.002246,general,1000
7,"F[0,1100] (x > 0.0)",DelayedQualitative,Incremental,online,20000,50,0.003363982520,0.000050760999,0.000000168199,0.000000002538,0.168199,0.002538,general,1100
7,"F[0,1200] (x > 0.0)",DelayedQualitative,Incremental,online,20000,50,0.003379678260,0.000054880573,0.000000168984,0.000000002744,0.168984,0.002744,general,1200
7,"F[0,1300] (x > 0.0)",DelayedQualitative,Incremental,online,20000,50,0.003360148360,0.000037159902,0.000000168007,0.000000001858,0.168007,0.001858,general,1300
7,"F[0,1400] (x > 0.0)",DelayedQualitative,Incremental,online,20000,50,0.003368865860,0.000048293825,0.000000168443,0.000000002415,0.168443,0.002415,general,1400
7,"F[0,1500] (x > 0.0)",DelayedQualitative,Incremental,online,20000,50,0.003363071560,0.000040298576,0.000000168154,0.000000002015,0.168154,0.002015,general,1500
7,"F[0,1600] (x > 0.0)",DelayedQualitative,Incremental,online,20000,50,0.003336135800,0.000030878692,0.000000166807,0.000000001544,0.166807,0.001544,general,1600
7,"F[0,1700] (x > 0.0)",DelayedQualitative,Incremental,online,20000,50,0.003340337420,0.000052868728,0.000000167017,0.000000002643,0.167017,0.002643,general,1700
7,"F[0,1800] (x > 0.0)",DelayedQualitative,Incremental,online,20000,50,0.003349806660,0.000042083628,0.000000167490,0.000000002104,0.167490,0.002104,general,1800
7,"F[0,1900] (x > 0.0)",DelayedQualitative,Incremental,online,20000,50,0.003363025820,0.000043242820,0.000000168151,0.000000002162,0.168151,0.002162,general,1900
7,"F[0,2000] (x > 0.0)",DelayedQualitative,Incremental,online,20000,50,0.003321021680,0.000037720980,0.000000166051,0.000000001886,0.166051,0.001886,general,2000
7,"F[0,2100] (x > 0.0)",DelayedQualitative,Incremental,online,20000,50,0.003358233460,0.000067663719,0.000000167912,0.000000003383,0.167912,0.003383,general,2100
7,"F[0,2200] (x > 0.0)",DelayedQualitative,Incremental,online,20000,50,0.003330689220,0.000064653345,0.000000166534,0.000000003233,0.166534,0.003233,general,2200
7,"F[0,2300] (x > 0.0)",DelayedQualitative,Incremental,online,20000,50,0.003329357540,0.000058492341,0.000000166468,0.000000002925,0.166468,0.002925,general,2300
7,"F[0,2400] (x > 0.0)",DelayedQualitative,Incremental,online,20000,50,0.003331677560,0.000053535008,0.000000166584,0.000000002677,0.166584,0.002677,general,2400
7,"F[0,2500] (x > 0.0)",DelayedQualitative,Incremental,online,20000,50,0.003310095880,0.000042133091,0.000000165505,0.000000002107,0.165505,0.002107,general,2500
7,"F[0,2600] (x > 0.0)",DelayedQualitative,Incremental,online,20000,50,0.003336613380,0.000042626543,0.000000166831,0.000000002131,0.166831,0.002131,general,2600
7,"F[0,2700] (x > 0.0)",DelayedQualitative,Incremental,online,20000,50,0.003347474240,0.000042608489,0.000000167374,0.000000002130,0.167374,0.002130,general,2700
7,"F[0,2800] (x > 0.0)",DelayedQualitative,Incremental,online,20000,50,0.003334264980,0.000051229127,0.000000166713,0.000000002561,0.166713,0.002561,general,2800
7,"F[0,2900] (x > 0.0)",DelayedQualitative,Incremental,online,20000,50,0.003321818320,0.000044279545,0.000000166091,0.000000002214,0.166091,0.002214,general,2900
7,"F[0,3000] (x > 0.0)",DelayedQualitative,Incremental,online,20000,50,0.003368049220,0.000059706814,0.000000168402,0.000000002985,0.168402,0.002985,general,3000
7,"F[0,3100] (x > 0.0)",DelayedQualitative,Incremental,online,20000,50,0.003335414200,0.000052943393,0.000000166771,0.000000002647,0.166771,0.002647,general,3100
7,"F[0,3200] (x > 0.0)",DelayedQualitative,Incremental,online,20000,50,0.003317055000,0.000037824526,0.000000165853,0.000000001891,0.165853,0.001891,general,3200
7,"F[0,3300] (x > 0.0)",DelayedQualitative,Incremental,online,20000,50,0.003317655120,0.000048147316,0.000000165883,0.000000002407,0.165883,0.002407,general,3300
7,"F[0,3400] (x > 0.0)",DelayedQualitative,Incremental,online,20000,50,0.003345273320,0.000070700060,0.000000167264,0.000000003535,0.167264,0.003535,general,3400
7,"F[0,3500] (x > 0.0)",DelayedQualitative,Incremental,online,20000,50,0.003346788340,0.000043280812,0.000000167339,0.000000002164,0.167339,0.002164,general,3500
7,"F[0,3600] (x > 0.0)",DelayedQualitative,Incremental,online,20000,50,0.003300504940,0.000034192252,0.000000165025,0.000000001710,0.165025,0.001710,general,3600
7,"F[0,3700] (x > 0.0)",DelayedQualitative,Incremental,online,20000,50,0.003298745080,0.000045495675,0.000000164937,0.000000002275,0.164937,0.002275,general,3700
7,"F[0,3800] (x > 0.0)",DelayedQualitative,Incremental,online,20000,50,0.003311520820,0.000037489164,0.000000165576,0.000000001874,0.165576,0.001874,general,3800
7,"F[0,3900] (x > 0.0)",DelayedQualitative,Incremental,online,20000,50,0.003312955840,0.000040700023,0.000000165648,0.000000002035,0.165648,0.002035,general,3900
7,"F[0,4000] (x > 0.0)",DelayedQualitative,Incremental,online,20000,50,0.003297469160,0.000044682238,0.000000164873,0.000000002234,0.164873,0.002234,general,4000
7,"F[0,4100] (x > 0.0)",DelayedQualitative,Incremental,online,20000,50,0.003290386680,0.000049379885,0.000000164519,0.000000002469,0.164519,0.002469,general,4100
7,"F[0,4200] (x > 0.0)",DelayedQualitative,Incremental,online,20000,50,0.003343666620,0.000047496620,0.000000167183,0.000000002375,0.167183,0.002375,general,4200
7,"F[0,4300] (x > 0.0)",DelayedQualitative,Incremental,online,20000,50,0.003304624160,0.000044365497,0.000000165231,0.000000002218,0.165231,0.002218,general,4300
7,"F[0,4400] (x > 0.0)",DelayedQualitative,Incremental,online,20000,50,0.003324219940,0.000047719021,0.000000166211,0.000000002386,0.166211,0.002386,general,4400
7,"F[0,4500] (x > 0.0)",DelayedQualitative,Incremental,online,20000,50,0.003297214160,0.000047261867,0.000000164861,0.000000002363,0.164861,0.002363,general,4500
7,"F[0,4600] (x > 0.0)",DelayedQualitative,Incremental,online,20000,50,0.003280181580,0.000037712463,0.000000164009,0.000000001886,0.164009,0.001886,general,4600
7,"F[0,4700] (x > 0.0)",DelayedQualitative,Incremental,online,20000,50,0.003291937420,0.000067132564,0.000000164597,0.000000003357,0.164597,0.003357,general,4700
7,"F[0,4800] (x > 0.0)",DelayedQualitative,Incremental,online,20000,50,0.003290134960,0.000027022616,0.000000164507,0.000000001351,0.164507,0.001351,general,4800
7,"F[0,4900] (x > 0.0)",DelayedQualitative,Incremental,online,20000,50,0.003310237540,0.000070811977,0.000000165512,0.000000003541,0.165512,0.003541,general,4900
7,"F[0,5000] (x > 0.0)",DelayedQualitative,Incremental,online,20000,50,0.003278187480,0.000040933323,0.000000163909,0.000000002047,0.163909,0.002047,general,5000
1,(x < 0.5) and (x > -0.5),EagerQualitative,Incremental,online,20000,50,0.003194498380,0.000036891064,0.000000159725,0.000000001845,0.159725,0.001845,general,0
2,"G[0,1000] (x > 0.5 -> F[0,100] (x < 0.0))",EagerQualitative,Incremental,online,20000,50,0.006088746620,0.000075012718,0.000000304437,0.000000003751,0.304437,0.003751,general,1000
4,"(G[0,100] (x < 0.5)) or (G[100,150] (x > 0.0))",EagerQualitative,Incremental,online,20000,50,0.006256939980,0.000059796821,0.000000312847,0.000000002990,0.312847,0.002990,general,100
5,"(x < 0.0) U[0,1] (x > 0.0)",EagerQualitative,Incremental,online,20000,50,0.005398852540,0.000064247619,0.000000269943,0.000000003212,0.269943,0.003212,general,1
5,"(x < 0.0) U[0,100] (x > 0.0)",EagerQualitative,Incremental,online,20000,50,0.012094280880,0.000156388478,0.000000604714,0.000000007819,0.604714,0.007819,general,100
5,"(x < 0.0) U[0,200] (x > 0.0)",EagerQualitative,Incremental,online,20000,50,0.014634511560,0.000126084922,0.000000731726,0.000000006304,0.731726,0.006304,general,200
5,"(x < 0.0) U[0,300] (x > 0.0)",EagerQualitative,Incremental,online,20000,50,0.017145607480,0.000136717700,0.000000857280,0.000000006836,0.857280,0.006836,general,300
5,"(x < 0.0) U[0,400] (x > 0.0)",EagerQualitative,Incremental,online,20000,50,0.019473199180,0.000271123059,0.000000973660,0.000000013556,0.973660,0.013556,general,400
5,"(x < 0.0) U[0,500] (x > 0.0)",EagerQualitative,Incremental,online,20000,50,0.021882495860,0.000279589849,0.000001094125,0.000000013979,1.094125,0.013979,general,500
5,"(x < 0.0) U[0,600] (x > 0.0)",EagerQualitative,Incremental,online,20000,50,0.024089719960,0.000243135255,0.000001204486,0.000000012157,1.204486,0.012157,general,600
5,"(x < 0.0) U[0,700] (x > 0.0)",EagerQualitative,Incremental,online,20000,50,0.026366311720,0.000340497043,0.000001318316,0.000000017025,1.318316,0.017025,general,700
5,"(x < 0.0) U[0,800] (x > 0.0)",EagerQualitative,Incremental,online,20000,50,0.028431795820,0.000219928755,0.000001421590,0.000000010996,1.421590,0.010996,general,800
5,"(x < 0.0) U[0,900] (x > 0.0)",EagerQualitative,Incremental,online,20000,50,0.030644364140,0.000400817761,0.000001532218,0.000000020041,1.532218,0.020041,general,900
5,"(x < 0.0) U[0,1000] (x > 0.0)",EagerQualitative,Incremental,online,20000,50,0.032757372560,0.000378623338,0.000001637869,0.000000018931,1.637869,0.018931,general,1000
5,"(x < 0.0) U[0,1100] (x > 0.0)",EagerQualitative,Incremental,online,20000,50,0.034853528320,0.000439554129,0.000001742676,0.000000021978,1.742676,0.021978,general,1100
5,"(x < 0.0) U[0,1200] (x > 0.0)",EagerQualitative,Incremental,online,20000,50,0.036844019120,0.000332696916,0.000001842201,0.000000016635,1.842201,0.016635,general,1200
5,"(x < 0.0) U[0,1300] (x > 0.0)",EagerQualitative,Incremental,online,20000,50,0.038919575860,0.000430507308,0.000001945979,0.000000021525,1.945979,0.021525,general,1300
5,"(x < 0.0) U[0,1400] (x > 0.0)",EagerQualitative,Incremental,online,20000,50,0.040984015040,0.000450485970,0.000002049201,0.000000022524,2.049201,0.022524,general,1400
5,"(x < 0.0) U[0,1500] (x > 0.0)",EagerQualitative,Incremental,online,20000,50,0.042990421680,0.000489705689,0.000002149521,0.000000024485,2.149521,0.024485,general,1500
5,"(x < 0.0) U[0,1600] (x > 0.0)",EagerQualitative,Incremental,online,20000,50,0.044868367500,0.000546431419,0.000002243418,0.000000027322,2.243418,0.027322,general,1600
5,"(x < 0.0) U[0,1700] (x > 0.0)",EagerQualitative,Incremental,online,20000,50,0.046898172460,0.000589329846,0.000002344909,0.000000029466,2.344909,0.029466,general,1700
5,"(x < 0.0) U[0,1800] (x > 0.0)",EagerQualitative,Incremental,online,20000,50,0.048561435800,0.000505853247,0.000002428072,0.000000025293,2.428072,0.025293,general,1800
5,"(x < 0.0) U[0,1900] (x > 0.0)",EagerQualitative,Incremental,online,20000,50,0.050705221620,0.000577391756,0.000002535261,0.000000028870,2.535261,0.028870,general,1900
5,"(x < 0.0) U[0,2000] (x > 0.0)",EagerQualitative,Incremental,online,20000,50,0.052577214200,0.000521365485,0.000002628861,0.000000026068,2.628861,0.026068,general,2000
5,"(x < 0.0) U[0,2100] (x > 0.0)",EagerQualitative,Incremental,online,20000,50,0.055187803280,0.000638356589,0.000002759390,0.000000031918,2.759390,0.031918,general,2100
5,"(x < 0.0) U[0,2200] (x > 0.0)",EagerQualitative,Incremental,online,20000,50,0.056879471660,0.000612403216,0.000002843974,0.000000030620,2.843974,0.030620,general,2200
5,"(x < 0.0) U[0,2300] (x > 0.0)",EagerQualitative,Incremental,online,20000,50,0.058778590040,0.000629650841,0.000002938930,0.000000031483,2.938930,0.031483,general,2300
5,"(x < 0.0) U[0,2400] (x > 0.0)",EagerQualitative,Incremental,online,20000,50,0.061236422580,0.000923129557,0.000003061821,0.000000046156,3.061821,0.046156,general,2400
5,"(x < 0.0) U[0,2500] (x > 0.0)",EagerQualitative,Incremental,online,20000,50,0.063077249080,0.000601663546,0.000003153862,0.000000030083,3.153862,0.030083,general,2500
5,"(x < 0.0) U[0,2600] (x > 0.0)",EagerQualitative,Incremental,online,20000,50,0.064673961600,0.000669810829,0.000003233698,0.000000033491,3.233698,0.033491,general,2600
5,"(x < 0.0) U[0,2700] (x > 0.0)",EagerQualitative,Incremental,online,20000,50,0.066805720940,0.000626424100,0.000003340286,0.000000031321,3.340286,0.031321,general,2700
5,"(x < 0.0) U[0,2800] (x > 0.0)",EagerQualitative,Incremental,online,20000,50,0.068891083260,0.000743495204,0.000003444554,0.000000037175,3.444554,0.037175,general,2800
5,"(x < 0.0) U[0,2900] (x > 0.0)",EagerQualitative,Incremental,online,20000,50,0.070825123360,0.000709141602,0.000003541256,0.000000035457,3.541256,0.035457,general,2900
5,"(x < 0.0) U[0,3000] (x > 0.0)",EagerQualitative,Incremental,online,20000,50,0.072776367460,0.000648891439,0.000003638818,0.000000032445,3.638818,0.032445,general,3000
5,"(x < 0.0) U[0,3100] (x > 0.0)",EagerQualitative,Incremental,online,20000,50,0.075064698320,0.000732169017,0.000003753235,0.000000036608,3.753235,0.036608,general,3100
5,"(x < 0.0) U[0,3200] (x > 0.0)",EagerQualitative,Incremental,online,20000,50,0.077006829200,0.000773411954,0.000003850341,0.000000038671,3.850341,0.038671,general,3200
5,"(x < 0.0) U[0,3300] (x > 0.0)",EagerQualitative,Incremental,online,20000,50,0.079013641660,0.000628437597,0.000003950682,0.000000031422,3.950682,0.031422,general,3300
5,"(x < 0.0) U[0,3400] (x > 0.0)",EagerQualitative,Incremental,online,20000,50,0.080453616580,0.000730110601,0.000004022681,0.000000036506,4.022681,0.036506,general,3400
5,"(x < 0.0) U[0,3500] (x > 0.0)",EagerQualitative,Incremental,online,20000,50,0.082450550860,0.000815903121,0.000004122528,0.000000040795,4.122528,0.040795,general,3500
5,"(x < 0.0) U[0,3600] (x > 0.0)",EagerQualitative,Incremental,online,20000,50,0.085255307500,0.000935436253,0.000004262765,0.000000046772,4.262765,0.046772,general,3600
5,"(x < 0.0) U[0,3700] (x > 0.0)",EagerQualitative,Incremental,online,20000,50,0.086626716660,0.001018944045,0.000004331336,0.000000050947,4.331336,0.050947,general,3700
5,"(x < 0.0) U[0,3800] (x > 0.0)",EagerQualitative,Incremental,online,20000,50,0.088493672460,0.000866978095,0.000004424684,0.000000043349,4.424684,0.043349,general,3800
5,"(x < 0.0) U[0,3900] (x > 0.0)",EagerQualitative,Incremental,online,20000,50,0.089862207360,0.001048558041,0.000004493110,0.000000052428,4.493110,0.052428,general,3900
5,"(x < 0.0) U[0,4000] (x > 0.0)",EagerQualitative,Incremental,online,20000,50,0.091284634160,0.000964042530,0.000004564232,0.000000048202,4.564232,0.048202,general,4000
5,"(x < 0.0) U[0,4100] (x > 0.0)",EagerQualitative,Incremental,online,20000,50,0.095189474120,0.000836593271,0.000004759474,0.000000041830,4.759474,0.041830,general,4100
5,"(x < 0.0) U[0,4200] (x > 0.0)",EagerQualitative,Incremental,online,20000,50,0.097144154960,0.000912607332,0.000004857208,0.000000045630,4.857208,0.045630,general,4200
5,"(x < 0.0) U[0,4300] (x > 0.0)",EagerQualitative,Incremental,online,20000,50,0.098784463380,0.000887513545,0.000004939223,0.000000044376,4.939223,0.044376,general,4300
5,"(x < 0.0) U[0,4400] (x > 0.0)",EagerQualitative,Incremental,online,20000,50,0.100448990020,0.000982377316,0.000005022450,0.000000049119,5.022450,0.049119,general,4400
5,"(x < 0.0) U[0,4500] (x > 0.0)",EagerQualitative,Incremental,online,20000,50,0.102211896680,0.000949564943,0.000005110595,0.000000047478,5.110595,0.047478,general,4500
5,"(x < 0.0) U[0,4600] (x > 0.0)",EagerQualitative,Incremental,online,20000,50,0.103456330840,0.000928402627,0.000005172817,0.000000046420,5.172817,0.046420,general,4600
5,"(x < 0.0) U[0,4700] (x > 0.0)",EagerQualitative,Incremental,online,20000,50,0.105218643320,0.000847590125,0.000005260932,0.000000042380,5.260932,0.042380,general,4700
5,"(x < 0.0) U[0,4800] (x > 0.0)",EagerQualitative,Incremental,online,20000,50,0.106804138400,0.001002478242,0.000005340207,0.000000050124,5.340207,0.050124,general,4800
5,"(x < 0.0) U[0,4900] (x > 0.0)",EagerQualitative,Incremental,online,20000,50,0.108903288360,0.001184794317,0.000005445164,0.000000059240,5.445164,0.059240,general,4900
5,"(x < 0.0) U[0,5000] (x > 0.0)",EagerQualitative,Incremental,online,20000,50,0.110183816760,0.001020935942,0.000005509191,0.000000051047,5.509191,0.051047,general,5000
6,"G[0,1] (x > 0.0)",EagerQualitative,Incremental,online,20000,50,0.002475638420,0.000040210723,0.000000123782,0.000000002011,0.123782,0.002011,general,1
6,"G[0,100] (x > 0.0)",EagerQualitative,Incremental,online,20000,50,0.002616828360,0.000048196453,0.000000130841,0.000000002410,0.130841,0.002410,general,100
6,"G[0,200] (x > 0.0)",EagerQualitative,Incremental,online,20000,50,0.002565047540,0.000025905354,0.000000128252,0.000000001295,0.128252,0.001295,general,200
6,"G[0,300] (x > 0.0)",EagerQualitative,Incremental,online,20000,50,0.002549780840,0.000023061196,0.000000127489,0.000000001153,0.127489,0.001153,general,300
6,"G[0,400] (x > 0.0)",EagerQualitative,Incremental,online,20000,50,0.002552870860,0.000031053561,0.000000127644,0.000000001553,0.127644,0.001553,general,400
6,"G[0,500] (x > 0.0)",EagerQualitative,Incremental,online,20000,50,0.002531002460,0.000036691310,0.000000126550,0.000000001835,0.126550,0.001835,general,500
6,"G[0,600] (x > 0.0)",EagerQualitative,Incremental,online,20000,50,0.002550022480,0.000043501210,0.000000127501,0.000000002175,0.127501,0.002175,general,600
6,"G[0,700] (x > 0.0)",EagerQualitative,Incremental,online,20000,50,0.002551041720,0.000033927652,0.000000127552,0.000000001696,0.127552,0.001696,general,700
6,"G[0,800] (x > 0.0)",EagerQualitative,Incremental,online,20000,50,0.002544790020,0.000034447570,0.000000127240,0.000000001722,0.127240,0.001722,general,800
6,"G[0,900] (x > 0.0)",EagerQualitative,Incremental,online,20000,50,0.002532622600,0.000026370031,0.000000126631,0.000000001319,0.126631,0.001319,general,900
6,"G[0,1000] (x > 0.0)",EagerQualitative,Incremental,online,20000,50,0.002568607540,0.000046883385,0.000000128430,0.000000002344,0.128430,0.002344,general,1000
6,"G[0,1100] (x > 0.0)",EagerQualitative,Incremental,online,20000,50,0.002538124960,0.000031188015,0.000000126906,0.000000001559,0.126906,0.001559,general,1100
6,"G[0,1200] (x > 0.0)",EagerQualitative,Incremental,online,20000,50,0.002555841720,0.000020642423,0.000000127792,0.000000001032,0.127792,0.001032,general,1200
6,"G[0,1300] (x > 0.0)",EagerQualitative,Incremental,online,20000,50,0.002529732500,0.000038841707,0.000000126487,0.000000001942,0.126487,0.001942,general,1300
6,"G[0,1400] (x > 0.0)",EagerQualitative,Incremental,online,20000,50,0.002557353340,0.000044224811,0.000000127868,0.000000002211,0.127868,0.002211,general,1400
6,"G[0,1500] (x > 0.0)",EagerQualitative,Incremental,online,20000,50,0.002531419160,0.000024497880,0.000000126571,0.000000001225,0.126571,0.001225,general,1500
6,"G[0,1600] (x > 0.0)",EagerQualitative,Incremental,online,20000,50,0.002545639880,0.000028682648,0.000000127282,0.000000001434,0.127282,0.001434,general,1600
6,"G[0,1700] (x > 0.0)",EagerQualitative,Incremental,online,20000,50,0.002537300840,0.000032654208,0.000000126865,0.000000001633,0.126865,0.001633,general,1700
6,"G[0,1800] (x > 0.0)",EagerQualitative,Incremental,online,20000,50,0.002538251680,0.000027559158,0.000000126913,0.000000001378,0.126913,0.001378,general,1800
6,"G[0,1900] (x > 0.0)",EagerQualitative,Incremental,online,20000,50,0.002536850980,0.000023735993,0.000000126843,0.000000001187,0.126843,0.001187,general,1900
6,"G[0,2000] (x > 0.0)",EagerQualitative,Incremental,online,20000,50,0.002528470800,0.000039230277,0.000000126424,0.000000001962,0.126424,0.001962,general,2000
6,"G[0,2100] (x > 0.0)",EagerQualitative,Incremental,online,20000,50,0.002543148280,0.000030890538,0.000000127157,0.000000001545,0.127157,0.001545,general,2100
6,"G[0,2200] (x > 0.0)",EagerQualitative,Incremental,online,20000,50,0.002543519120,0.000034334863,0.000000127176,0.000000001717,0.127176,0.001717,general,2200
6,"G[0,2300] (x > 0.0)",EagerQualitative,Incremental,online,20000,50,0.002550770000,0.000037533785,0.000000127539,0.000000001877,0.127538,0.001877,general,2300
6,"G[0,2400] (x > 0.0)",EagerQualitative,Incremental,online,20000,50,0.002553136660,0.000026565332,0.000000127657,0.000000001328,0.127657,0.001328,general,2400
6,"G[0,2500] (x > 0.0)",EagerQualitative,Incremental,online,20000,50,0.002541989880,0.000031191506,0.000000127099,0.000000001560,0.127099,0.001560,general,2500
6,"G[0,2600] (x > 0.0)",EagerQualitative,Incremental,online,20000,50,0.002541200040,0.000017478828,0.000000127060,0.000000000874,0.127060,0.000874,general,2600
6,"G[0,2700] (x > 0.0)",EagerQualitative,Incremental,online,20000,50,0.002587357540,0.000046961508,0.000000129368,0.000000002348,0.129368,0.002348,general,2700
6,"G[0,2800] (x > 0.0)",EagerQualitative,Incremental,online,20000,50,0.002536065080,0.000029596854,0.000000126803,0.000000001480,0.126803,0.001480,general,2800
6,"G[0,2900] (x > 0.0)",EagerQualitative,Incremental,online,20000,50,0.002502739180,0.000018821009,0.000000125137,0.000000000941,0.125137,0.000941,general,2900
6,"G[0,3000] (x > 0.0)",EagerQualitative,Incremental,online,20000,50,0.002529565840,0.000034265143,0.000000126478,0.000000001713,0.126478,0.001713,general,3000
6,"G[0,3100] (x > 0.0)",EagerQualitative,Incremental,online,20000,50,0.002513296680,0.000028088385,0.000000125665,0.000000001404,0.125665,0.001404,general,3100
6,"G[0,3200] (x > 0.0)",EagerQualitative,Incremental,online,20000,50,0.002528204960,0.000026177475,0.000000126410,0.000000001309,0.126410,0.001309,general,3200
6,"G[0,3300] (x > 0.0)",EagerQualitative,Incremental,online,20000,50,0.002501793260,0.000011128748,0.000000125090,0.000000000556,0.125090,0.000556,general,3300
6,"G[0,3400] (x > 0.0)",EagerQualitative,Incremental,online,20000,50,0.002501640780,0.000051407933,0.000000125082,0.000000002570,0.125082,0.002570,general,3400
6,"G[0,3500] (x > 0.0)",EagerQualitative,Incremental,online,20000,50,0.002491401580,0.000031308555,0.000000124570,0.000000001565,0.124570,0.001565,general,3500
6,"G[0,3600] (x > 0.0)",EagerQualitative,Incremental,online,20000,50,0.002498064220,0.000035515090,0.000000124903,0.000000001776,0.124903,0.001776,general,3600
6,"G[0,3700] (x > 0.0)",EagerQualitative,Incremental,online,20000,50,0.002502549180,0.000015927050,0.000000125127,0.000000000796,0.125127,0.000796,general,3700
6,"G[0,3800] (x > 0.0)",EagerQualitative,Incremental,online,20000,50,0.002530412500,0.000047064589,0.000000126521,0.000000002353,0.126521,0.002353,general,3800
6,"G[0,3900] (x > 0.0)",EagerQualitative,Incremental,online,20000,50,0.002526770880,0.000029952699,0.000000126339,0.000000001498,0.126339,0.001498,general,3900
6,"G[0,4000] (x > 0.0)",EagerQualitative,Incremental,online,20000,50,0.002549630740,0.000028227037,0.000000127482,0.000000001411,0.127482,0.001411,general,4000
6,"G[0,4100] (x > 0.0)",EagerQualitative,Incremental,online,20000,50,0.002529378400,0.000039511239,0.000000126469,0.000000001976,0.126469,0.001976,general,4100
6,"G[0,4200] (x > 0.0)",EagerQualitative,Incremental,online,20000,50,0.002519803300,0.000032162082,0.000000125990,0.000000001608,0.125990,0.001608,general,4200
6,"G[0,4300] (x > 0.0)",EagerQualitative,Incremental,online,20000,50,0.002519814120,0.000026599881,0.000000125991,0.000000001330,0.125991,0.001330,general,4300
6,"G[0,4400] (x > 0.0)",EagerQualitative,Incremental,online,20000,50,0.002559652560,0.000048091206,0.000000127983,0.000000002405,0.127983,0.002405,general,4400
6,"G[0,4500] (x > 0.0)",EagerQualitative,Incremental,online,20000,50,0.002543608280,0.000015849758,0.000000127180,0.000000000792,0.127180,0.000792,general,4500
6,"G[0,4600] (x > 0.0)",EagerQualitative,Incremental,online,20000,50,0.002542860100,0.000043296356,0.000000127143,0.000000002165,0.127143,0.002165,general,4600
6,"G[0,4700] (x > 0.0)",EagerQualitative,Incremental,online,20000,50,0.002537746620,0.000025511680,0.000000126887,0.000000001276,0.126887,0.001276,general,4700
6,"G[0,4800] (x > 0.0)",EagerQualitative,Incremental,online,20000,50,0.002554094160,0.000042437306,0.000000127705,0.000000002122,0.127705,0.002122,general,4800
6,"G[0,4900] (x > 0.0)",EagerQualitative,Incremental,online,20000,50,0.002505832520,0.000011732539,0.000000125292,0.000000000587,0.125292,0.000587,general,4900
6,"G[0,5000] (x > 0.0)",EagerQualitative,Incremental,online,20000,50,0.002530779180,0.000025863287,0.000000126539,0.000000001293,0.126539,0.001293,general,5000
7,"F[0,1] (x > 0.0)",EagerQualitative,Incremental,online,20000,50,0.002502985880,0.000011730291,0.000000125149,0.000000000587,0.125149,0.000587,general,1
7,"F[0,100] (x > 0.0)",EagerQualitative,Incremental,online,20000,50,0.002619499980,0.000026124473,0.000000130975,0.000000001306,0.130975,0.001306,general,100
7,"F[0,200] (x > 0.0)",EagerQualitative,Incremental,online,20000,50,0.002599418400,0.000016291746,0.000000129971,0.000000000815,0.129971,0.000815,general,200
7,"F[0,300] (x > 0.0)",EagerQualitative,Incremental,online,20000,50,0.002590223300,0.000029242104,0.000000129511,0.000000001462,0.129511,0.001462,general,300
7,"F[0,400] (x > 0.0)",EagerQualitative,Incremental,online,20000,50,0.002548977460,0.000038968865,0.000000127449,0.000000001948,0.127449,0.001948,general,400
7,"F[0,500] (x > 0.0)",EagerQualitative,Incremental,online,20000,50,0.002564704960,0.000049380606,0.000000128235,0.000000002469,0.128235,0.002469,general,500
7,"F[0,600] (x > 0.0)",EagerQualitative,Incremental,online,20000,50,0.002556644180,0.000015242139,0.000000127832,0.000000000762,0.127832,0.000762,general,600
7,"F[0,700] (x > 0.0)",EagerQualitative,Incremental,online,20000,50,0.002536334240,0.000028405561,0.000000126817,0.000000001420,0.126817,0.001420,general,700
7,"F[0,800] (x > 0.0)",EagerQualitative,Incremental,online,20000,50,0.002546640060,0.000032879980,0.000000127332,0.000000001644,0.127332,0.001644,general,800
7,"F[0,900] (x > 0.0)",EagerQualitative,Incremental,online,20000,50,0.002569592480,0.000042008443,0.000000128480,0.000000002100,0.128480,0.002100,general,900
7,"F[0,1000] (x > 0.0)",EagerQualitative,Incremental,online,20000,50,0.002596363240,0.000017629385,0.000000129818,0.000000000881,0.129818,0.000881,general,1000
7,"F[0,1100] (x > 0.0)",EagerQualitative,Incremental,online,20000,50,0.002603256660,0.000043870442,0.000000130163,0.000000002194,0.130163,0.002194,general,1100
7,"F[0,1200] (x > 0.0)",EagerQualitative,Incremental,online,20000,50,0.002559202440,0.000021546409,0.000000127960,0.000000001077,0.127960,0.001077,general,1200
7,"F[0,1300] (x > 0.0)",EagerQualitative,Incremental,online,20000,50,0.002526440960,0.000027149404,0.000000126322,0.000000001357,0.126322,0.001357,general,1300
7,"F[0,1400] (x > 0.0)",EagerQualitative,Incremental,online,20000,50,0.002555417500,0.000017694251,0.000000127771,0.000000000885,0.127771,0.000885,general,1400
7,"F[0,1500] (x > 0.0)",EagerQualitative,Incremental,online,20000,50,0.002589493260,0.000034265278,0.000000129475,0.000000001713,0.129475,0.001713,general,1500
7,"F[0,1600] (x > 0.0)",EagerQualitative,Incremental,online,20000,50,0.002559429220,0.000038027936,0.000000127971,0.000000001901,0.127971,0.001901,general,1600
7,"F[0,1700] (x > 0.0)",EagerQualitative,Incremental,online,20000,50,0.002522477440,0.000027605493,0.000000126124,0.000000001380,0.126124,0.001380,general,1700
7,"F[0,1800] (x > 0.0)",EagerQualitative,Incremental,online,20000,50,0.002569181700,0.000022088873,0.000000128459,0.000000001104,0.128459,0.001104,general,1800
7,"F[0,1900] (x > 0.0)",EagerQualitative,Incremental,online,20000,50,0.002614551540,0.000048874136,0.000000130728,0.000000002444,0.130728,0.002444,general,1900
7,"F[0,2000] (x > 0.0)",EagerQualitative,Incremental,online,20000,50,0.002582131620,0.000018226064,0.000000129107,0.000000000911,0.129107,0.000911,general,2000
7,"F[0,2100] (x > 0.0)",EagerQualitative,Incremental,online,20000,50,0.002550556620,0.000032462163,0.000000127528,0.000000001623,0.127528,0.001623,general,2100
7,"F[0,2200] (x > 0.0)",EagerQualitative,Incremental,online,20000,50,0.002576176640,0.000029219706,0.000000128809,0.000000001461,0.128809,0.001461,general,2200
7,"F[0,2300] (x > 0.0)",EagerQualitative,Incremental,online,20000,50,0.002569461700,0.000018867138,0.000000128473,0.000000000943,0.128473,0.000943,general,2300
7,"F[0,2400] (x > 0.0)",EagerQualitative,Incremental,online,20000,50,0.002546140820,0.000022275312,0.000000127307,0.000000001114,0.127307,0.001114,general,2400
7,"F[0,2500] (x > 0.0)",EagerQualitative,Incremental,online,20000,50,0.002582974960,0.000048634963,0.000000129149,0.000000002432,0.129149,0.002432,general,2500
7,"F[0,2600] (x > 0.0)",EagerQualitative,Incremental,online,20000,50,0.002573727560,0.000036133735,0.000000128686,0.000000001807,0.128686,0.001807,general,2600
7,"F[0,2700] (x > 0.0)",EagerQualitative,Incremental,online,20000,50,0.002587176720,0.000024723332,0.000000129359,0.000000001236,0.129359,0.001236,general,2700
7,"F[0,2800] (x > 0.0)",EagerQualitative,Incremental,online,20000,50,0.002558092460,0.000025693410,0.000000127905,0.000000001285,0.127905,0.001285,general,2800
7,"F[0,2900] (x > 0.0)",EagerQualitative,Incremental,online,20000,50,0.002594150000,0.000027070652,0.000000129707,0.000000001354,0.129708,0.001354,general,2900
7,"F[0,3000] (x > 0.0)",EagerQualitative,Incremental,online,20000,50,0.002560924120,0.000018421604,0.000000128046,0.000000000921,0.128046,0.000921,general,3000
7,"F[0,3100] (x > 0.0)",EagerQualitative,Incremental,online,20000,50,0.002561583340,0.000018621392,0.000000128079,0.000000000931,0.128079,0.000931,general,3100
7,"F[0,3200] (x > 0.0)",EagerQualitative,Incremental,online,20000,50,0.002578619080,0.000024110406,0.000000128931,0.000000001206,0.128931,0.001206,general,3200
7,"F[0,3300] (x > 0.0)",EagerQualitative,Incremental,online,20000,50,0.002556159180,0.000043254030,0.000000127808,0.000000002163,0.127808,0.002163,general,3300
7,"F[0,3400] (x > 0.0)",EagerQualitative,Incremental,online,20000,50,0.002572799180,0.000033125730,0.000000128640,0.000000001656,0.128640,0.001656,general,3400
7,"F[0,3500] (x > 0.0)",EagerQualitative,Incremental,online,20000,50,0.002577157480,0.000038603063,0.000000128858,0.000000001930,0.128858,0.001930,general,3500
7,"F[0,3600] (x > 0.0)",EagerQualitative,Incremental,online,20000,50,0.002581019060,0.000031039938,0.000000129051,0.000000001552,0.129051,0.001552,general,3600
7,"F[0,3700] (x > 0.0)",EagerQualitative,Incremental,online,20000,50,0.002577279980,0.000030406590,0.000000128864,0.000000001520,0.128864,0.001520,general,3700
7,"F[0,3800] (x > 0.0)",EagerQualitative,Incremental,online,20000,50,0.002575138300,0.000027933623,0.000000128757,0.000000001397,0.128757,0.001397,general,3800
7,"F[0,3900] (x > 0.0)",EagerQualitative,Incremental,online,20000,50,0.002589936660,0.000029031843,0.000000129497,0.000000001452,0.129497,0.001452,general,3900
7,"F[0,4000] (x > 0.0)",EagerQualitative,Incremental,online,20000,50,0.002555477480,0.000040643860,0.000000127774,0.000000002032,0.127774,0.002032,general,4000
7,"F[0,4100] (x > 0.0)",EagerQualitative,Incremental,online,20000,50,0.002567450060,0.000028191956,0.000000128373,0.000000001410,0.128373,0.001410,general,4100
7,"F[0,4200] (x > 0.0)",EagerQualitative,Incremental,online,20000,50,0.002599348380,0.000053807944,0.000000129967,0.000000002690,0.129967,0.002690,general,4200
7,"F[0,4300] (x > 0.0)",EagerQualitative,Incremental,online,20000,50,0.002603419180,0.000054816611,0.000000130171,0.000000002741,0.130171,0.002741,general,4300
7,"F[0,4400] (x > 0.0)",EagerQualitative,Incremental,online,20000,50,0.002584327540,0.000032073980,0.000000129216,0.000000001604,0.129216,0.001604,general,4400
7,"F[0,4500] (x > 0.0)",EagerQualitative,Incremental,online,20000,50,0.002615130740,0.000025300764,0.000000130757,0.000000001265,0.130757,0.001265,general,4500
7,"F[0,4600] (x > 0.0)",EagerQualitative,Incremental,online,20000,50,0.002598165820,0.000028480234,0.000000129908,0.000000001424,0.129908,0.001424,general,4600
7,"F[0,4700] (x > 0.0)",EagerQualitative,Incremental,online,20000,50,0.002597540940,0.000033132360,0.000000129877,0.000000001657,0.129877,0.001657,general,4700
7,"F[0,4800] (x > 0.0)",EagerQualitative,Incremental,online,20000,50,0.002575921700,0.000028396310,0.000000128796,0.000000001420,0.128796,0.001420,general,4800
7,"F[0,4900] (x > 0.0)",EagerQualitative,Incremental,online,20000,50,0.002572829200,0.000034241952,0.000000128641,0.000000001712,0.128641,0.001712,general,4900
7,"F[0,5000] (x > 0.0)",EagerQualitative,Incremental,online,20000,50,0.002597116680,0.000031466365,0.000000129856,0.000000001573,0.129856,0.001573,general,5000
1,(x < 0.5) and (x > -0.5),Rosi,Incremental,online,20000,50,0.003316716580,0.000029284012,0.000000165836,0.000000001464,0.165836,0.001464,general,0
2,"G[0,1000] (x > 0.5 -> F[0,100] (x < 0.0))",Rosi,Incremental,online,20000,50,9.399414812480,0.051906908938,0.000469970741,0.000002595345,469.970741,2.595345,general,1000
4,"(G[0,100] (x < 0.5)) or (G[100,150] (x > 0.0))",Rosi,Incremental,online,20000,50,0.243428828400,0.002141122060,0.000012171441,0.000000107056,12.171441,0.107056,general,100
5,"(x < 0.0) U[0,1] (x > 0.0)",Rosi,Incremental,online,20000,50,0.006086750840,0.000098294045,0.000000304338,0.000000004915,0.304338,0.004915,general,1
5,"(x < 0.0) U[0,100] (x > 0.0)",Rosi,Incremental,online,20000,50,0.878115059100,0.004389798133,0.000043905753,0.000000219490,43.905753,0.219490,general,100
5,"(x < 0.0) U[0,200] (x > 0.0)",Rosi,Incremental,online,20000,50,2.856602465920,0.011839531368,0.000142830123,0.000000591977,142.830123,0.591977,general,200
5,"(x < 0.0) U[0,300] (x > 0.0)",Rosi,Incremental,online,20000,50,6.030273007540,0.031309820229,0.000301513650,0.000001565491,301.513650,1.565491,general,300
5,"(x < 0.0) U[0,400] (x > 0.0)",Rosi,Incremental,online,20000,50,10.172581549160,0.048938819661,0.000508629077,0.000002446941,508.629077,2.446941,general,400
5,"(x < 0.0) U[0,500] (x > 0.0)",Rosi,Incremental,online,20000,50,15.514973245080,0.063614049701,0.000775748662,0.000003180702,775.748662,3.180702,general,500
5,"(x < 0.0) U[0,600] (x > 0.0)",Rosi,Incremental,online,20000,50,22.804755510800,0.070997992581,0.001140237776,0.000003549900,1140.237776,3.549900,general,600
5,"(x < 0.0) U[0,700] (x > 0.0)",Rosi,Incremental,online,20000,50,31.097617829100,0.088945849245,0.001554880891,0.000004447292,1554.880891,4.447292,general,700
5,"(x < 0.0) U[0,800] (x > 0.0)",Rosi,Incremental,online,20000,50,39.240670507480,0.160558512551,0.001962033525,0.000008027926,1962.033525,8.027926,general,800
5,"(x < 0.0) U[0,900] (x > 0.0)",Rosi,Incremental,online,20000,50,48.064469627500,0.201373111451,0.002403223481,0.000010068656,2403.223481,10.068656,general,900
5,"(x < 0.0) U[0,1000] (x > 0.0)",Rosi,Incremental,online,20000,50,59.581953926740,0.148922489525,0.002979097696,0.000007446124,2979.097696,7.446124,general,1000
6,"G[0,1] (x > 0.0)",Rosi,Incremental,online,20000,50,0.002524042440,0.000014032253,0.000000126202,0.000000000702,0.126202,0.000702,general,1
6,"G[0,100] (x > 0.0)",Rosi,Incremental,online,20000,50,0.061153122460,0.000814883793,0.000003057656,0.000000040744,3.057656,0.040744,general,100
6,"G[0,200] (x > 0.0)",Rosi,Incremental,online,20000,50,0.147362611680,0.001762588394,0.000007368131,0.000000088129,7.368131,0.088129,general,200
6,"G[0,300] (x > 0.0)",Rosi,Incremental,online,20000,50,0.251812903340,0.003147013500,0.000012590645,0.000000157351,12.590645,0.157351,general,300
6,"G[0,400] (x > 0.0)",Rosi,Incremental,online,20000,50,0.360174192500,0.004996607349,0.000018008710,0.000000249830,18.008710,0.249830,general,400
6,"G[0,500] (x > 0.0)",Rosi,Incremental,online,20000,50,0.472792657500,0.005547718379,0.000023639633,0.000000277386,23.639633,0.277386,general,500
6,"G[0,600] (x > 0.0)",Rosi,Incremental,online,20000,50,0.605803729100,0.008776325730,0.000030290186,0.000000438816,30.290186,0.438816,general,600
6,"G[0,700] (x > 0.0)",Rosi,Incremental,online,20000,50,0.715791275840,0.004071407205,0.000035789564,0.000000203570,35.789564,0.203570,general,700
6,"G[0,800] (x > 0.0)",Rosi,Incremental,online,20000,50,0.835274675860,0.005035038732,0.000041763734,0.000000251752,41.763734,0.251752,general,800
6,"G[0,900] (x > 0.0)",Rosi,Incremental,online,20000,50,0.955540281720,0.004721389791,0.000047777014,0.000000236069,47.777014,0.236069,general,900
6,"G[0,1000] (x > 0.0)",Rosi,Incremental,online,20000,50,1.073941091700,0.005865245150,0.000053697055,0.000000293262,53.697055,0.293262,general,1000
7,"F[0,1] (x > 0.0)",Rosi,Incremental,online,20000,50,0.002542875800,0.000036275210,0.000000127144,0.000000001814,0.127144,0.001814,general,1
7,"F[0,100] (x > 0.0)",Rosi,Incremental,online,20000,50,0.055971507500,0.000778849728,0.000002798575,0.000000038942,2.798575,0.038942,general,100
7,"F[0,200] (x > 0.0)",Rosi,Incremental,online,20000,50,0.130571312520,0.001802180751,0.000006528566,0.000000090109,6.528566,0.090109,general,200
7,"F[0,300] (x > 0.0)",Rosi,Incremental,online,20000,50,0.217612287560,0.002712522921,0.000010880614,0.000000135626,10.880614,0.135626,general,300
7,"F[0,400] (x > 0.0)",Rosi,Incremental,online,20000,50,0.303801314140,0.003476319473,0.000015190066,0.000000173816,15.190066,0.173816,general,400
7,"F[0,500] (x > 0.0)",Rosi,Incremental,online,20000,50,0.391726634180,0.004248121735,0.000019586332,0.000000212406,19.586332,0.212406,general,500
7,"F[0,600] (x > 0.0)",Rosi,Incremental,online,20000,50,0.484367131600,0.003707587647,0.000024218357,0.000000185379,24.218357,0.185379,general,600
7,"F[0,700] (x > 0.0)",Rosi,Incremental,online,20000,50,0.574594475880,0.003809553142,0.000028729724,0.000000190478,28.729724,0.190478,general,700
7,"F[0,800] (x > 0.0)",Rosi,Incremental,online,20000,50,0.665206149100,0.003537928492,0.000033260307,0.000000176896,33.260307,0.176896,general,800
7,"F[0,900] (x > 0.0)",Rosi,Incremental,online,20000,50,0.755663729900,0.004700471926,0.000037783186,0.000000235024,37.783186,0.235024,general,900
7,"F[0,1000] (x > 0.0)",Rosi,Incremental,online,20000,50,0.847465091600,0.004786600340,0.000042373255,0.000000239330,42.373255,0.239330,general,1000
3,"(x < 0.5) U[0,1000] (x < 0.0)",DelayedQuantitative,Incremental,online,20000,50,0.128266991720,0.001439916731,0.000006413350,0.000000071996,6.413350,0.071996,general,1000
3,"(x < 0.5) U[0,1000] (x < 0.0)",DelayedQualitative,Incremental,online,20000,50,0.099372247440,0.001059251432,0.000004968612,0.000000052963,4.968612,0.052963,general,1000
3,"(x < 0.5) U[0,1000] (x < 0.0)",EagerQualitative,Incremental,online,20000,50,0.023097572580,0.000633909530,0.000001154879,0.000000031695,1.154879,0.031695,general,1000
3,"(x < 0.5) U[0,1000] (x < 0.0)",Rosi,Incremental,online,20000,50,61.208878172460,0.156473233952,0.003060443909,0.000007823662,3060.443909,7.823662,general,1000
