tool,spec_name,spec,mode,n_samples,m_runs,avg_total_s,std_total_s,avg_per_sample_s,std_per_sample_s,avg_per_sample_us,std_per_sample_us
mstlo,phi_hi,"G[0,30]((T >= $max_T) -> F[0,360](T <= $max_T))",online,989,50,0.0005951366196677555,4.674021587795155e-05,6.0175593495223e-07,4.726007672189237e-08,0.60175593495223,0.04726007672189237
rtamt-discrete-cpp,phi_hi,"always[0,30]((T >= 39.0) implies (eventually[0,360](T <= 39.0)))",online,989,50,0.0041461942394380455,0.0005899660862283957,4.192309645538974e-06,5.965278930519674e-07,4.192309645538973,0.5965278930519674
rtamt-dense,phi_hi,"always[0,30]((T >= 39.0) implies (eventually[0,360](T <= 39.0)))",online,989,50,0.03476949421965401,0.0011621857657880797,3.515621255778969e-05,1.175111997763478e-06,35.15621255778969,1.175111997763478
mstlo,phi_lo,"G[0,30]((T <= $min_T) -> F[0,360](T >= $min_T))",online,989,50,0.00044564752010046505,1.2373743328356699e-05,4.506041659256473e-07,1.2511368380542666e-08,0.4506041659256473,0.012511368380542665
rtamt-discrete-cpp,phi_lo,"always[0,30]((T <= 36.0) implies (eventually[0,360](T >= 36.0)))",online,989,50,0.0039786866004578765,4.16546519823565e-05,4.022938928673281e-06,4.211794942604299e-08,4.022938928673281,0.04211794942604299
rtamt-dense,phi_lo,"always[0,30]((T <= 36.0) implies (eventually[0,360](T >= 36.0)))",online,989,50,0.034535938299959525,0.0007814425188874386,3.492005894839184e-05,7.901339928083308e-07,34.92005894839184,0.7901339928083307
mstlo,aggregate,pooled over 100 runs,online,1978,100,0.0005203920698841103,2.9556979603154124e-05,5.261800504389387e-07,8.338082539622152e-08,0.5261800504389387,0.08338082539622152
rtamt-discrete-cpp,aggregate,pooled over 100 runs,online,1978,100,0.004062440419947961,0.00031581036910537607,4.107624287106128e-06,4.2924074367552656e-07,4.107624287106128,0.42924074367552656
rtamt-dense,aggregate,pooled over 100 runs,online,1978,100,0.034652716259806766,0.0009718141423377591,3.503813575309077e-05,1.0032724734429108e-06,35.03813575309077,1.0032724734429108
